income,age,years_with_bank,nbr_children,marital_status,M ,cluster,cust_id
0.15418459708287924,0.1843123709844537,0.4085392190797872,0.25859075767288664,0.132148817287968,1.127171999885212,2,1362691
-0.726524210283054,1.4930703664729232,-1.0874352743153162,-0.6482979558559694,0.132148817287968,1.127171999885212,3,1362487
-0.18836584311133026,-0.23449018757185658,1.5305200891261146,-0.6482979558559694,-0.9896144385542159,-0.8871760477565424,0,1363160
1.1237979056989014,0.603114929540764,-0.3394480276177645,-0.6482979558559694,-0.9896144385542159,-0.8871760477565424,0,1362752
0.9834792960218731,0.8648665286384578,1.9045137124748905,1.1654794712017427,2.375675328972336,-0.8871760477565424,4,1362548
-0.3174193107140948,0.5507646097212251,-0.3394480276177645,1.1654794712017427,0.132148817287968,-0.8871760477565424,4,1362813
-1.0241492638851,-1.3861972236017097,-1.0874352743153162,-0.6482979558559694,-0.9896144385542159,1.127171999885212,2,1363017
-0.9372274276400815,1.9118729250292334,1.5305200891261146,-0.6482979558559694,0.132148817287968,-0.8871760477565424,3,1362609
0.775659955035857,-0.07743922811324022,-1.0874352743153162,3.8861456117883106,2.375675328972336,-0.8871760477565424,4,1363486
-0.59057647573084,0.1843123709844537,0.782532842428563,0.25859075767288664,0.132148817287968,1.127171999885212,2,1363078
0.1397201546595247,-0.7056430659477055,1.5305200891261146,-0.6482979558559694,-0.9896144385542159,-0.8871760477565424,0,1363282
-1.0241492638851,-1.4385475434212485,-1.4614288976640921,-0.6482979558559694,-0.9896144385542159,1.127171999885212,2,1363343
-0.23009192935440284,0.07961173134537612,-1.0874352743153162,-0.6482979558559694,0.132148817287968,1.127171999885212,2,1362527
-0.6241465991121458,-0.8626940254063219,0.4085392190797872,-0.6482979558559694,-0.9896144385542159,-0.8871760477565424,0,1362670
0.02806006641942326,0.4460639700821476,-1.0874352743153162,1.1654794712017427,0.132148817287968,-0.8871760477565424,4,1362996
-1.0241492638851,-1.4385475434212485,-1.4614288976640921,-0.6482979558559694,-0.9896144385542159,1.127171999885212,2,1362935
-0.5502923276732732,-0.07743922811324022,-1.0874352743153162,0.25859075767288664,2.375675328972336,1.127171999885212,4,1363465
-1.0241492638851,-1.333846903782171,-0.7134416509665403,-0.6482979558559694,-0.9896144385542159,1.127171999885212,2,1363404
-0.7378344129256147,1.2313187673752293,0.782532842428563,-0.6482979558559694,0.132148817287968,1.127171999885212,3,1362588
-0.07720142112249641,-1.2814965839626322,-0.3394480276177645,-0.6482979558559694,-0.9896144385542159,1.127171999885212,2,1363200
0.17018109882833363,0.3937136502626088,-1.4614288976640921,0.25859075767288664,0.132148817287968,-0.8871760477565424,4,1362853
-0.8818479892030013,1.9642232448487722,-1.4614288976640921,-0.6482979558559694,0.132148817287968,1.127171999885212,3,1362792
1.9917545722367678,0.8125162088189191,1.5305200891261146,-0.6482979558559694,0.132148817287968,-0.8871760477565424,1,1363322
-0.14573854550231655,0.1843123709844537,0.782532842428563,-0.6482979558559694,-0.9896144385542159,-0.8871760477565424,0,1363261
-0.15294823642984529,-0.02508890829370144,-0.7134416509665403,1.1654794712017427,2.375675328972336,-0.8871760477565424,4,1363179
-0.731570993932324,1.6501213259315395,0.034545595731011354,-0.6482979558559694,0.132148817287968,-0.8871760477565424,3,1363057
-0.8812622018151397,-1.072095304684477,-1.0874352743153162,0.25859075767288664,0.132148817287968,-0.8871760477565424,0,1363444
-0.6196856028507374,-0.7579933857672444,1.1565264657773389,0.25859075767288664,0.132148817287968,-0.8871760477565424,0,1362649
0.3575880023757839,0.7078155691798415,0.782532842428563,0.25859075767288664,0.132148817287968,-0.8871760477565424,3,1362567
-0.044036842855864185,1.1266181277361518,0.034545595731011354,-0.6482979558559694,0.132148817287968,1.127171999885212,3,1363383
0.07199412050905155,0.9172168484579966,-1.4614288976640921,-0.6482979558559694,0.132148817287968,-0.8871760477565424,3,1363036
2.4043741961328973,0.49841428990168635,-0.7134416509665403,0.25859075767288664,0.132148817287968,1.127171999885212,1,1362506
1.5261437200233021,-0.600942426308628,-1.0874352743153162,1.1654794712017427,0.132148817287968,-0.8871760477565424,4,1362832
0.6129011823468956,0.1843123709844537,0.782532842428563,0.25859075767288664,0.132148817287968,1.127171999885212,1,1362975
0.7778679228824127,-0.129789547932779,-1.4614288976640921,-0.6482979558559694,-0.9896144385542159,-0.8871760477565424,0,1363301
0.07280521073839853,-0.5485921064890893,-0.7134416509665403,1.1654794712017427,0.132148817287968,-0.8871760477565424,4,1362771
-1.0241492638851,-1.4385475434212485,1.1565264657773389,-0.6482979558559694,-0.9896144385542159,1.127171999885212,2,1362893
-0.04800217286600499,0.603114929540764,0.034545595731011354,0.25859075767288664,0.132148817287968,-0.8871760477565424,3,1363097
-0.43169291191542536,0.28901301062353124,1.5305200891261146,-0.6482979558559694,-0.9896144385542159,1.127171999885212,2,1363158
-0.0017249692249298658,-0.9150443452258608,0.034545595731011354,-0.6482979558559694,-0.9896144385542159,-0.8871760477565424,0,1362485
-0.5724170667071271,-0.3915411470304729,0.4085392190797872,-0.6482979558559694,0.132148817287968,-0.8871760477565424,0,1362546
0.9277393730384165,-0.6532927461281668,-1.4614288976640921,2.072368184730599,0.132148817287968,-0.8871760477565424,4,1362954
0.08186238496610651,0.49841428990168635,-0.7134416509665403,0.25859075767288664,0.132148817287968,-0.8871760477565424,3,1363015
-0.21143685407942223,-0.33919082721093413,0.782532842428563,1.1654794712017427,0.132148817287968,-0.8871760477565424,4,1363219
-0.5625488022500721,0.49841428990168635,-0.7134416509665403,-0.6482979558559694,-0.9896144385542159,-0.8871760477565424,0,1363484
-0.6631690512573951,2.06892388448785,-0.7134416509665403,-0.6482979558559694,0.132148817287968,-0.8871760477565424,3,1362811
0.07758163097788633,0.07961173134537612,0.034545595731011354,0.25859075767288664,0.132148817287968,1.127171999885212,2,1362607
-0.6829957013080992,-1.0197449848649383,-0.7134416509665403,0.25859075767288664,2.375675328972336,-0.8871760477565424,4,1363280
-0.25365860657376244,0.23666269080399246,1.1565264657773389,1.1654794712017427,1.253912073130152,-0.8871760477565424,4,1362872
1.0974374732451244,0.027261411525837338,-0.3394480276177645,0.25859075767288664,0.132148817287968,-0.8871760477565424,4,1363076
-1.0241492638851,-1.5432481830603262,0.4085392190797872,-0.6482979558559694,-0.9896144385542159,1.127171999885212,2,1362729
-1.0241492638851,-1.5432481830603262,0.4085392190797872,-0.6482979558559694,-0.9896144385542159,1.127171999885212,2,1362668
1.6841711330410727,0.7078155691798415,0.782532842428563,1.1654794712017427,0.132148817287968,1.127171999885212,1,1363198
-0.13091361853258557,0.6554652493603027,0.4085392190797872,0.25859075767288664,0.132148817287968,1.127171999885212,3,1362933
0.07875320575360975,0.1843123709844537,0.782532842428563,-0.6482979558559694,-0.9896144385542159,-0.8871760477565424,0,1362586
0.07388666437752785,1.074267807916613,-0.3394480276177645,-0.6482979558559694,-0.9896144385542159,-0.8871760477565424,3,1363402
0.5292237070192651,0.49841428990168635,-0.7134416509665403,0.25859075767288664,0.132148817287968,1.127171999885212,1,1363055
-0.7402676836136557,1.807172285390156,1.1565264657773389,-0.6482979558559694,-0.9896144385542159,-0.8871760477565424,3,1362525
1.3013365447892966,-0.18213986775231777,0.034545595731011354,-0.6482979558559694,-0.9896144385542159,1.127171999885212,1,1362851
-0.6936299954262041,-0.7579933857672444,1.1565264657773389,0.25859075767288664,0.132148817287968,1.127171999885212,2,1363259
0.2854910931004965,-0.3915411470304729,0.4085392190797872,2.072368184730599,0.132148817287968,1.127171999885212,4,1362912
-1.0241492638851,-1.4385475434212485,-1.4614288976640921,-0.6482979558559694,-0.9896144385542159,-0.8871760477565424,0,1362504
-0.3371558396282047,-0.7056430659477055,0.034545595731011354,-0.6482979558559694,-0.9896144385542159,1.127171999885212,2,1362708
-0.2472149453072836,0.9172168484579966,-1.4614288976640921,-0.6482979558559694,-0.9896144385542159,-0.8871760477565424,0,1362973
5.471647080113407,0.8125162088189191,0.4085392190797872,-0.6482979558559694,0.132148817287968,1.127171999885212,1,1363442
0.23236468307826907,-0.4438914668500117,-0.3394480276177645,-0.6482979558559694,-0.9896144385542159,-0.8871760477565424,0,1362769
0.2146558797375266,0.34136333044307005,1.9045137124748905,-0.6482979558559694,-0.9896144385542159,-0.8871760477565424,0,1362565
-0.7633386945817476,-0.3915411470304729,0.4085392190797872,1.1654794712017427,0.132148817287968,-0.8871760477565424,4,1363238
-1.0241492638851,-1.4385475434212485,1.1565264657773389,-0.6482979558559694,-0.9896144385542159,-0.8871760477565424,0,1362891
-0.5315020706934014,-1.2814965839626322,-0.3394480276177645,-0.6482979558559694,-0.9896144385542159,-0.8871760477565424,0,1362830
-0.3156168879822126,-0.07743922811324022,-1.0874352743153162,-0.6482979558559694,-0.9896144385542159,-0.8871760477565424,0,1363217
-0.3034955951103049,-0.6532927461281668,-1.4614288976640921,2.072368184730599,0.132148817287968,-0.8871760477565424,4,1362626
-0.8243056434876626,1.1789684475556905,0.4085392190797872,-0.6482979558559694,0.132148817287968,-0.8871760477565424,3,1363013
-0.46557845927481045,0.9172168484579966,-1.4614288976640921,-0.6482979558559694,0.132148817287968,-0.8871760477565424,3,1363095
-0.612791335901288,1.2313187673752293,0.782532842428563,-0.6482979558559694,0.132148817287968,1.127171999885212,3,1363482
-0.6893041808696868,-0.2868405073913953,1.1565264657773389,0.25859075767288664,0.132148817287968,-0.8871760477565424,0,1362687
-0.2600572072719442,-0.4438914668500117,0.034545595731011354,-0.6482979558559694,0.132148817287968,-0.8871760477565424,0,1362605
-0.6802019460736818,0.5507646097212251,-0.3394480276177645,-0.6482979558559694,0.132148817287968,-0.8871760477565424,3,1362952
-1.0241492638851,-1.4908978632407872,0.782532842428563,-0.6482979558559694,-0.9896144385542159,-0.8871760477565424,0,1363339
-0.9348392175203376,-0.7579933857672444,1.1565264657773389,-0.6482979558559694,-0.9896144385542159,1.127171999885212,2,1363421
2.6486925974395277,-0.07743922811324022,-1.0874352743153162,0.25859075767288664,0.132148817287968,-0.8871760477565424,1,1362727
0.11047584583473623,0.7078155691798415,0.782532842428563,0.25859075767288664,1.253912073130152,-0.8871760477565424,3,1362809
0.5755910317969344,-0.02508890829370144,-0.7134416509665403,-0.6482979558559694,-0.9896144385542159,-0.8871760477565424,0,1363196
-1.0241492638851,-1.4385475434212485,1.1565264657773389,-0.6482979558559694,-0.9896144385542159,-0.8871760477565424,0,1362666
0.017110348323238978,1.3883697268338457,1.9045137124748905,-0.6482979558559694,0.132148817287968,-0.8871760477565424,3,1363461
-0.19728783563414706,-0.23449018757185658,0.4085392190797872,1.1654794712017427,0.132148817287968,-0.8871760477565424,4,1363135
-0.44354384137755076,0.9695671682775354,-1.0874352743153162,-0.6482979558559694,0.132148817287968,-0.8871760477565424,3,1362584
0.764935539781158,0.5507646097212251,-0.3394480276177645,0.25859075767288664,0.132148817287968,-0.8871760477565424,3,1362931
1.4569306871190264,-0.6532927461281668,-1.4614288976640921,-0.6482979558559694,-0.9896144385542159,1.127171999885212,2,1363053
1.195444209291218,0.34136333044307005,1.9045137124748905,-0.6482979558559694,0.132148817287968,-0.8871760477565424,1,1363400
-0.6748847990146294,-0.07743922811324022,-1.0874352743153162,1.1654794712017427,2.375675328972336,-0.8871760477565424,4,1363318
-1.0241492638851,-1.5432481830603262,0.4085392190797872,-0.6482979558559694,-0.9896144385542159,-0.8871760477565424,0,1362523
-1.0241492638851,-1.4385475434212485,1.1565264657773389,-0.6482979558559694,-0.9896144385542159,-0.8871760477565424,0,1362706
0.08136671871483891,-0.129789547932779,-1.4614288976640921,-0.6482979558559694,-0.9896144385542159,-0.8871760477565424,0,1362992
-1.0241492638851,-1.3861972236017097,-1.0874352743153162,-0.6482979558559694,-0.9896144385542159,-0.8871760477565424,0,1363175
0.41373347047391407,0.07961173134537612,0.034545595731011354,-0.6482979558559694,-0.9896144385542159,1.127171999885212,2,1363257
-1.0241492638851,-1.333846903782171,-0.7134416509665403,-0.6482979558559694,-0.9896144385542159,-0.8871760477565424,0,1362767
-0.03277170078160052,0.07961173134537612,0.034545595731011354,-0.6482979558559694,-0.9896144385542159,-0.8871760477565424,0,1362849
-0.361263243667129,1.5977710061120007,-0.3394480276177645,-0.6482979558559694,0.132148817287968,1.127171999885212,3,1362563
1.5530448792966438,-0.600942426308628,-1.0874352743153162,2.072368184730599,2.375675328972336,1.127171999885212,4,1362645
0.27661416114597676,1.807172285390156,1.1565264657773389,-0.6482979558559694,0.132148817287968,-0.8871760477565424,3,1362624
-0.3243586382318412,0.7601658889993803,1.1565264657773389,1.1654794712017427,0.132148817287968,1.127171999885212,3,1362502
-0.08441111205002516,-0.33919082721093413,0.782532842428563,1.1654794712017427,0.132148817287968,-0.8871760477565424,4,1362481
0.3745307760554765,0.9172168484579966,-1.4614288976640921,-0.6482979558559694,0.132148817287968,-0.8871760477565424,3,1362971
-0.6271656571880485,-0.3915411470304729,0.4085392190797872,1.1654794712017427,0.132148817287968,-0.8871760477565424,4,1362746
0.021526284016350334,1.1266181277361518,0.034545595731011354,-0.6482979558559694,1.253912073130152,1.127171999885212,3,1363236
1.5768819199257857,0.7601658889993803,1.1565264657773389,0.25859075767288664,2.375675328972336,1.127171999885212,1,1363215
-0.8441773541066637,2.330675483585544,1.1565264657773389,-0.6482979558559694,0.132148817287968,1.127171999885212,3,1362828
3.042476903787488,0.6554652493603027,0.4085392190797872,-0.6482979558559694,2.375675328972336,1.127171999885212,1,1363011
-0.6027878897393419,0.1843123709844537,0.782532842428563,-0.6482979558559694,-0.9896144385542159,-0.8871760477565424,0,1363297
-0.6619524159133746,-1.072095304684477,-1.0874352743153162,-0.6482979558559694,-0.9896144385542159,-0.8871760477565424,0,1363480
-0.9773313334244602,1.9118729250292334,1.9045137124748905,-0.6482979558559694,0.132148817287968,1.127171999885212,3,1363093
-0.6864203044986753,2.3830258034050824,1.5305200891261146,-0.6482979558559694,0.132148817287968,1.127171999885212,3,1363072
0.5115149036785226,0.34136333044307005,-0.7134416509665403,-0.6482979558559694,-0.9896144385542159,-0.8871760477565424,0,1362685
-0.3537831893298179,-0.4962417866695505,-0.3394480276177645,2.072368184730599,0.132148817287968,-0.8871760477565424,4,1362868
-0.8923471016162151,-0.7056430659477055,1.5305200891261146,1.1654794712017427,2.375675328972336,-0.8871760477565424,4,1363154
2.7760337634470043,0.027261411525837338,-0.3394480276177645,2.9792568982594547,2.375675328972336,-0.8871760477565424,4,1363337
-0.4863513812597527,0.9172168484579966,-1.4614288976640921,-0.6482979558559694,0.132148817287968,-0.8871760477565424,3,1362950
2.729170772418067,0.8125162088189191,1.5305200891261146,0.25859075767288664,2.375675328972336,1.127171999885212,1,1362929
0.9540096843555993,-0.33919082721093413,0.782532842428563,1.1654794712017427,0.132148817287968,-0.8871760477565424,4,1362542
2.082010890535768,0.49841428990168635,-0.7134416509665403,0.25859075767288664,1.253912073130152,1.127171999885212,1,1362725
-0.28416461131086845,-0.5485921064890893,-0.7134416509665403,2.072368184730599,0.132148817287968,1.127171999885212,4,1363276
0.06969603152590176,0.6554652493603027,0.4085392190797872,0.25859075767288664,1.253912073130152,-0.8871760477565424,3,1363194
0.3581287291953486,0.1843123709844537,0.034545595731011354,3.8861456117883106,2.375675328972336,1.127171999885212,4,1362664
-1.0241492638851,-1.4908978632407872,0.782532842428563,-0.6482979558559694,-0.9896144385542159,1.127171999885212,2,1363051
-0.44633759661196815,1.2313187673752293,0.782532842428563,-0.6482979558559694,-0.9896144385542159,-0.8871760477565424,3,1363133
-0.7377442917890206,-1.2814965839626322,-0.3394480276177645,-0.6482979558559694,-0.9896144385542159,-0.8871760477565424,0,1362643
-0.40181775513447815,0.3937136502626088,-1.4614288976640921,-0.6482979558559694,1.253912073130152,-0.8871760477565424,3,1363398
-0.776856865070864,-0.4962417866695505,-0.3394480276177645,2.072368184730599,0.132148817287968,-0.8871760477565424,4,1363377
-1.0241492638851,-1.3861972236017097,-1.0874352743153162,-0.6482979558559694,-0.9896144385542159,-0.8871760477565424,0,1362990
0.22173038896016417,0.8125162088189191,1.5305200891261146,0.25859075767288664,0.132148817287968,1.127171999885212,3,1363173
-0.4859458361450792,-0.129789547932779,-1.4614288976640921,0.25859075767288664,0.132148817287968,1.127171999885212,2,1363459
-0.8993765502705556,-1.2814965839626322,-0.3394480276177645,-0.6482979558559694,-0.9896144385542159,-0.8871760477565424,0,1362765
-0.23293074515711729,0.4460639700821476,-1.0874352743153162,-0.6482979558559694,0.132148817287968,-0.8871760477565424,3,1363255
-0.4743202095244391,1.9118729250292334,1.9045137124748905,-0.6482979558559694,0.132148817287968,1.127171999885212,3,1363234
-0.20657031270334034,-0.7579933857672444,0.4085392190797872,-0.6482979558559694,-0.9896144385542159,-0.8871760477565424,0,1363316
0.5438233311475108,1.3883697268338457,1.9045137124748905,-0.6482979558559694,-0.9896144385542159,1.127171999885212,3,1362622
-0.42506900837575834,-0.23449018757185658,1.5305200891261146,2.072368184730599,0.132148817287968,-0.8871760477565424,4,1363112
-1.0241492638851,-1.4385475434212485,-1.4614288976640921,-0.6482979558559694,-0.9896144385542159,1.127171999885212,2,1363091
1.5311454431042752,-0.129789547932779,-1.4614288976640921,-0.6482979558559694,-0.9896144385542159,1.127171999885212,1,1362500
2.53820408397515,0.7601658889993803,0.782532842428563,-0.6482979558559694,1.253912073130152,1.127171999885212,1,1362887
2.3608456871579424,0.8125162088189191,1.5305200891261146,-0.6482979558559694,2.375675328972336,-0.8871760477565424,1,1362969
-0.471796817699804,-0.18213986775231777,1.9045137124748905,2.072368184730599,0.132148817287968,-0.8871760477565424,4,1363356
-0.9050091213076875,-1.0197449848649383,-0.7134416509665403,0.25859075767288664,0.132148817287968,1.127171999885212,2,1363438
0.27647897944108557,0.8648665286384578,1.9045137124748905,0.25859075767288664,2.375675328972336,1.127171999885212,3,1362948
-1.0241492638851,-1.4385475434212485,-1.4614288976640921,-0.6482979558559694,-0.9896144385542159,-0.8871760477565424,0,1362826
-0.8611201277863563,2.4353761232246214,1.9045137124748905,-0.6482979558559694,0.132148817287968,-0.8871760477565424,3,1362744
-0.8262883084927329,1.2313187673752293,0.782532842428563,-0.6482979558559694,2.375675328972336,-0.8871760477565424,3,1363295
0.6886029370859474,0.9172168484579966,-1.4614288976640921,-0.6482979558559694,0.132148817287968,1.127171999885212,3,1363213
0.9714931848548566,-0.4438914668500117,0.034545595731011354,0.25859075767288664,0.132148817287968,-0.8871760477565424,4,1362683
-0.7624374832158065,-1.2291462641430935,-1.0874352743153162,-0.6482979558559694,-0.9896144385542159,-0.8871760477565424,0,1363070
1.216757858095725,1.0219174880970743,-0.7134416509665403,-0.6482979558559694,0.132148817287968,-0.8871760477565424,3,1362540
-0.8976642486752675,0.603114929540764,-0.7134416509665403,-0.6482979558559694,0.132148817287968,-0.8871760477565424,3,1363335
3.282965156788869,0.5507646097212251,-0.3394480276177645,0.25859075767288664,0.132148817287968,1.127171999885212,1,1363009
-0.3124175876331217,1.074267807916613,-0.3394480276177645,-0.6482979558559694,0.132148817287968,1.127171999885212,3,1362927
-0.8156990749429252,1.8595226052096947,1.5305200891261146,-0.6482979558559694,1.253912073130152,-0.8871760477565424,3,1362805
-0.5667394351016982,-0.4438914668500117,0.034545595731011354,-0.6482979558559694,2.375675328972336,1.127171999885212,3,1363192
-0.8166904074454603,1.1789684475556905,0.4085392190797872,-0.6482979558559694,0.132148817287968,-0.8871760477565424,3,1362662
1.4847330577583089,0.027261411525837338,-0.3394480276177645,3.8861456117883106,0.132148817287968,1.127171999885212,4,1362784
0.8187378583278413,-0.18213986775231777,1.5305200891261146,0.25859075767288664,0.132148817287968,1.127171999885212,1,1362723
0.7463255250744745,0.8125162088189191,1.5305200891261146,0.25859075767288664,2.375675328972336,-0.8871760477565424,3,1363253
2.8845846724746087,0.7601658889993803,1.1565264657773389,-0.6482979558559694,0.132148817287968,1.127171999885212,1,1363457
-0.8700871808774701,-0.7579933857672444,1.1565264657773389,-0.6482979558559694,-0.9896144385542159,-0.8871760477565424,0,1362641
0.2989642030213158,-0.33919082721093413,0.782532842428563,2.072368184730599,2.375675328972336,-0.8871760477565424,4,1362580
0.6284470784093795,-0.33919082721093413,0.782532842428563,1.1654794712017427,0.132148817287968,1.127171999885212,4,1362906
2.3006447679130777,0.027261411525837338,-0.7134416509665403,2.072368184730599,2.375675328972336,1.127171999885212,4,1362845
-0.5283027703443105,1.545420686292462,-0.7134416509665403,-0.6482979558559694,0.132148817287968,-0.8871760477565424,3,1363375
-0.5115852995061033,-0.8626940254063219,0.4085392190797872,0.25859075767288664,0.132148817287968,1.127171999885212,2,1363314
-0.5803477267274086,0.9172168484579966,-1.4614288976640921,-0.6482979558559694,0.132148817287968,-0.8871760477565424,3,1362498
-0.13244567785468542,-0.18213986775231777,1.9045137124748905,-0.6482979558559694,-0.9896144385542159,1.127171999885212,2,1362702
-0.06895533712413542,0.3937136502626088,-1.4614288976640921,0.25859075767288664,0.132148817287968,-0.8871760477565424,4,1362763
0.6373690709321963,0.8648665286384578,1.9045137124748905,-0.6482979558559694,0.132148817287968,-0.8871760477565424,3,1363171
-0.5909369602772165,1.1789684475556905,0.4085392190797872,-0.6482979558559694,0.132148817287968,-0.8871760477565424,3,1363232
-0.7978550898972915,2.1736245241269274,0.034545595731011354,-0.6482979558559694,0.132148817287968,1.127171999885212,3,1362967
0.3274424821850544,-0.600942426308628,-1.0874352743153162,-0.6482979558559694,0.132148817287968,1.127171999885212,2,1362620
-0.7490544944315813,-0.8626940254063219,0.4085392190797872,0.25859075767288664,0.132148817287968,-0.8871760477565424,0,1363436
0.35019806917506696,0.7601658889993803,1.1565264657773389,1.1654794712017427,0.132148817287968,-0.8871760477565424,4,1363089
2.1044961141159986,0.8125162088189191,1.5305200891261146,1.1654794712017427,0.132148817287968,-0.8871760477565424,1,1362824
-0.4554398314079732,1.2313187673752293,0.782532842428563,-0.6482979558559694,2.375675328972336,-0.8871760477565424,3,1363354
0.3377613523250799,1.5977710061120007,-0.3394480276177645,-0.6482979558559694,0.132148817287968,1.127171999885212,3,1362681
-0.1776864884249283,-0.7579933857672444,1.1565264657773389,-0.6482979558559694,-0.9896144385542159,1.127171999885212,2,1362742
-1.0241492638851,-1.4908978632407872,0.782532842428563,-0.6482979558559694,-0.9896144385542159,-0.8871760477565424,0,1363150
0.9797843294215146,0.23666269080399246,0.782532842428563,-0.6482979558559694,-0.9896144385542159,-0.8871760477565424,0,1363211
-1.0241492638851,-1.3861972236017097,-1.0874352743153162,-0.6482979558559694,-0.9896144385542159,-0.8871760477565424,0,1363415
1.5718801968448126,0.8125162088189191,1.5305200891261146,1.1654794712017427,0.132148817287968,1.127171999885212,1,1363068
-0.013125293004084694,1.1266181277361518,0.034545595731011354,-0.6482979558559694,0.132148817287968,1.127171999885212,3,1363007
-0.34477107567040693,1.6501213259315395,0.034545595731011354,-0.6482979558559694,0.132148817287968,-0.8871760477565424,3,1362925
-0.577328668651506,-0.4962417866695505,-0.3394480276177645,1.1654794712017427,0.132148817287968,-0.8871760477565424,4,1363476
-0.45088871400997066,0.34136333044307005,1.9045137124748905,-0.6482979558559694,-0.9896144385542159,-0.8871760477565424,0,1363394
0.0013391494192698506,-0.6532927461281668,-1.4614288976640921,1.1654794712017427,0.132148817287968,-0.8871760477565424,4,1363272
0.30869728577347966,0.027261411525837338,-0.3394480276177645,-0.6482979558559694,-0.9896144385542159,1.127171999885212,2,1362782
-0.2305425350373734,-0.6532927461281668,-1.4614288976640921,2.072368184730599,2.375675328972336,-0.8871760477565424,4,1362864
-0.18615787526477456,-1.2291462641430935,0.034545595731011354,-0.6482979558559694,-0.9896144385542159,1.127171999885212,2,1363251
-0.2642027795552732,-1.2291462641430935,0.034545595731011354,-0.6482979558559694,-0.9896144385542159,-0.8871760477565424,0,1363333
-0.3531523413736591,0.027261411525837338,-0.3394480276177645,2.9792568982594547,0.132148817287968,1.127171999885212,4,1363047
-0.5541675365468199,-0.8626940254063219,0.4085392190797872,-0.6482979558559694,-0.9896144385542159,-0.8871760477565424,0,1363129
-1.0241492638851,-1.4908978632407872,0.782532842428563,-0.6482979558559694,-0.9896144385542159,-0.8871760477565424,0,1362639
-0.6737132242389059,-1.2814965839626322,-0.3394480276177645,-0.6482979558559694,-0.9896144385542159,-0.8871760477565424,0,1362721
0.2291653827291782,-0.9673946650453995,-0.3394480276177645,1.1654794712017427,0.132148817287968,-0.8871760477565424,4,1363108
0.8526234056872264,-0.6532927461281668,-1.4614288976640921,2.072368184730599,1.253912073130152,1.127171999885212,4,1362986
-0.1729100681854405,1.3883697268338457,1.9045137124748905,-0.6482979558559694,1.253912073130152,1.127171999885212,3,1362904
0.664315290773835,0.6554652493603027,0.4085392190797872,0.25859075767288664,0.132148817287968,-0.8871760477565424,3,1363455
-1.0241492638851,-1.5432481830603262,-0.7134416509665403,-0.6482979558559694,-0.9896144385542159,1.127171999885212,2,1362496
-1.0241492638851,-1.333846903782171,-0.7134416509665403,-0.6482979558559694,-0.9896144385542159,-0.8871760477565424,0,1362578
0.2556609968878463,1.6501213259315395,0.034545595731011354,-0.6482979558559694,0.132148817287968,1.127171999885212,3,1362965
0.20613943232938325,0.8648665286384578,1.9045137124748905,0.25859075767288664,1.253912073130152,-0.8871760477565424,3,1362843
-0.4151556833504063,-1.0197449848649383,-0.7134416509665403,0.25859075767288664,2.375675328972336,1.127171999885212,4,1362761
0.2977025071089983,0.3937136502626088,-1.4614288976640921,-0.6482979558559694,0.132148817287968,-0.8871760477565424,3,1363312
-0.7564894882005954,-0.7579933857672444,-0.3394480276177645,0.25859075767288664,0.132148817287968,-0.8871760477565424,0,1363230
-0.7449990432848463,1.7024716457510782,0.4085392190797872,-0.6482979558559694,2.375675328972336,-0.8871760477565424,3,1362700
-0.40456644980059847,-1.2291462641430935,-1.0874352743153162,-0.6482979558559694,-0.9896144385542159,1.127171999885212,2,1362822
-0.4332700318058223,-1.2291462641430935,0.034545595731011354,-0.6482979558559694,-0.9896144385542159,-0.8871760477565424,0,1363169
2.7663457412631374,0.7601658889993803,1.1565264657773389,-0.6482979558559694,0.132148817287968,1.127171999885212,1,1362618
0.8264432155066376,0.7601658889993803,1.1565264657773389,-0.6482979558559694,-0.9896144385542159,1.127171999885212,1,1363434
-0.8709433316751142,-1.2814965839626322,-0.3394480276177645,-0.6482979558559694,-0.9896144385542159,-0.8871760477565424,0,1363087
-0.15529138598129213,-0.129789547932779,-1.4614288976640921,2.9792568982594547,2.375675328972336,1.127171999885212,4,1362557
-0.7640596636745005,-1.2814965839626322,-0.3394480276177645,-0.6482979558559694,-0.9896144385542159,1.127171999885212,2,1363352
1.203419929879797,0.07961173134537612,0.034545595731011354,2.9792568982594547,0.132148817287968,1.127171999885212,4,1363026
-0.6120253062402381,1.9642232448487722,-1.4614288976640921,-0.6482979558559694,2.375675328972336,1.127171999885212,3,1363413
-0.13920476309924362,-0.33919082721093413,-0.3394480276177645,2.072368184730599,1.253912073130152,-0.8871760477565424,4,1363495
0.45108868159217236,0.8648665286384578,1.9045137124748905,-0.6482979558559694,-0.9896144385542159,-0.8871760477565424,3,1363209
0.54643684410874,-0.129789547932779,-1.4614288976640921,1.1654794712017427,2.375675328972336,1.127171999885212,4,1363291
-0.4615680686963726,-0.9673946650453995,-0.3394480276177645,1.1654794712017427,2.375675328972336,1.127171999885212,4,1362801
-0.4652630352967311,-0.600942426308628,-1.0874352743153162,2.072368184730599,0.132148817287968,1.127171999885212,4,1362883
-1.0241492638851,-1.3861972236017097,-1.0874352743153162,-0.6482979558559694,-0.9896144385542159,1.127171999885212,2,1363270
0.4426172947523261,0.23666269080399246,1.1565264657773389,3.8861456117883106,0.132148817287968,1.127171999885212,4,1363148
-0.8781530226026428,1.1266181277361518,-1.0874352743153162,-0.6482979558559694,-0.9896144385542159,1.127171999885212,2,1363066
-0.9018098209585966,0.9695671682775354,-1.0874352743153162,-0.6482979558559694,0.132148817287968,1.127171999885212,3,1362740
1.0319194069412068,0.07961173134537612,0.034545595731011354,1.1654794712017427,1.253912073130152,-0.8871760477565424,4,1362658
-0.7472971322679962,-1.072095304684477,-1.0874352743153162,-0.6482979558559694,0.132148817287968,-0.8871760477565424,0,1363005
-1.0241492638851,-1.3861972236017097,-1.0874352743153162,-0.6482979558559694,-0.9896144385542159,-0.8871760477565424,0,1363127
-0.8736920263412344,-1.1767959443235547,0.4085392190797872,-0.6482979558559694,-0.9896144385542159,-0.8871760477565424,0,1363474
-1.0241492638851,-1.4385475434212485,1.1565264657773389,-0.6482979558559694,-0.9896144385542159,1.127171999885212,2,1362923
-0.4786460240809563,-1.2291462641430935,0.034545595731011354,-0.6482979558559694,-0.9896144385542159,1.127171999885212,2,1362597
-1.0241492638851,-1.333846903782171,-0.7134416509665403,-0.6482979558559694,-0.9896144385542159,-0.8871760477565424,0,1363392
-1.0241492638851,-1.4385475434212485,0.4085392190797872,-0.6482979558559694,-0.9896144385542159,1.127171999885212,2,1362862
1.764424005178127,0.49841428990168635,-0.7134416509665403,1.1654794712017427,0.132148817287968,-0.8871760477565424,4,1363249
0.3751616240116353,0.6554652493603027,0.4085392190797872,1.1654794712017427,0.132148817287968,1.127171999885212,4,1363331
0.05608773990019125,0.1319620511649149,0.4085392190797872,-0.6482979558559694,-0.9896144385542159,-0.8871760477565424,0,1362637
0.05022986602157415,0.8648665286384578,1.9045137124748905,0.25859075767288664,0.132148817287968,-0.8871760477565424,3,1362719
-0.8641391858622589,-0.8103437055867831,0.034545595731011354,1.1654794712017427,0.132148817287968,-0.8871760477565424,4,1363371
-0.45061835060018834,-0.3915411470304729,-0.7134416509665403,-0.6482979558559694,-0.9896144385542159,1.127171999885212,2,1363453
-0.8210162220019775,1.3883697268338457,0.034545595731011354,-0.6482979558559694,-0.9896144385542159,-0.8871760477565424,3,1362963
-0.17881300263235467,0.28901301062353124,0.4085392190797872,-0.6482979558559694,-0.9896144385542159,-0.8871760477565424,0,1362902
0.6087105494952695,-0.07743922811324022,-1.0874352743153162,-0.6482979558559694,-0.9896144385542159,1.127171999885212,2,1363228
1.2118913167196432,0.6554652493603027,0.4085392190797872,0.25859075767288664,2.375675328972336,-0.8871760477565424,4,1362698
4.797495917821173,0.6554652493603027,0.4085392190797872,1.1654794712017427,1.253912073130152,1.127171999885212,1,1362820
0.7648904792128609,-0.23449018757185658,1.5305200891261146,-0.6482979558559694,-0.9896144385542159,-0.8871760477565424,0,1363167
-0.15448029575194513,0.7601658889993803,1.1565264657773389,0.25859075767288664,0.132148817287968,1.127171999885212,3,1363289
0.20411170675601578,1.3883697268338457,1.9045137124748905,-0.6482979558559694,0.132148817287968,-0.8871760477565424,3,1362759
0.13305119055156062,0.7078155691798415,0.782532842428563,1.1654794712017427,0.132148817287968,1.127171999885212,4,1363085
0.17437173167995973,0.7601658889993803,0.782532842428563,-0.6482979558559694,0.132148817287968,1.127171999885212,3,1362555
-0.4918938311602904,-0.5485921064890893,-0.7134416509665403,1.1654794712017427,2.375675328972336,1.127171999885212,4,1362677
0.33073190367073935,1.3883697268338457,0.4085392190797872,-0.6482979558559694,0.132148817287968,1.127171999885212,3,1363493
-0.2506846090661568,-0.23449018757185658,0.782532842428563,1.1654794712017427,0.132148817287968,1.127171999885212,4,1362942
-0.4523306521954764,0.6554652493603027,0.4085392190797872,-0.6482979558559694,0.132148817287968,1.127171999885212,3,1362881
0.5758613952067166,0.7078155691798415,0.782532842428563,0.25859075767288664,0.132148817287968,-0.8871760477565424,3,1363268
-0.6464966409874849,0.07961173134537612,0.034545595731011354,-0.6482979558559694,0.132148817287968,-0.8871760477565424,0,1363146
-0.23180423094969094,1.1266181277361518,0.034545595731011354,-0.6482979558559694,2.375675328972336,1.127171999885212,3,1362656
-0.5321329186495602,1.5977710061120007,-0.3394480276177645,-0.6482979558559694,0.132148817287968,1.127171999885212,3,1363207
-0.43957851136740994,0.3937136502626088,-1.4614288976640921,1.1654794712017427,0.132148817287968,1.127171999885212,4,1363390
-0.6651066556941685,1.3360194070143068,1.5305200891261146,-0.6482979558559694,0.132148817287968,1.127171999885212,3,1363003
0.2401601613936595,-0.5485921064890893,-0.7134416509665403,1.1654794712017427,2.375675328972336,-0.8871760477565424,4,1362513
0.2934668136890752,0.8125162088189191,0.4085392190797872,1.1654794712017427,0.132148817287968,-0.8871760477565424,4,1362595
-1.0241492638851,-1.4385475434212485,1.1565264657773389,-0.6482979558559694,-0.9896144385542159,-0.8871760477565424,0,1362982
-1.0241492638851,-1.5432481830603262,0.4085392190797872,-0.6482979558559694,-0.9896144385542159,-0.8871760477565424,0,1363064
-0.13708691638928205,1.1266181277361518,0.034545595731011354,-0.6482979558559694,0.132148817287968,-0.8871760477565424,3,1363247
-1.0241492638851,-1.4385475434212485,1.1565264657773389,-0.6482979558559694,-0.9896144385542159,-0.8871760477565424,0,1362860
0.9276492519018223,-0.4962417866695505,-0.3394480276177645,2.072368184730599,1.253912073130152,1.127171999885212,4,1362839
-0.1235236853318686,0.1319620511649149,0.4085392190797872,1.1654794712017427,1.253912073130152,-0.8871760477565424,4,1362921
0.789628731207944,-0.129789547932779,-1.4614288976640921,3.8861456117883106,1.253912073130152,-0.8871760477565424,4,1362492
-1.0241492638851,-1.3861972236017097,-1.0874352743153162,-0.6482979558559694,-0.9896144385542159,-0.8871760477565424,0,1362717
-0.776090835409814,-1.2814965839626322,-0.3394480276177645,-0.6482979558559694,-0.9896144385542159,-0.8871760477565424,0,1362961
-1.0241492638851,-1.4385475434212485,-1.4614288976640921,-0.6482979558559694,-0.9896144385542159,1.127171999885212,2,1363186
-0.19282683937273865,-0.18213986775231777,1.9045137124748905,-0.6482979558559694,0.132148817287968,1.127171999885212,2,1363287
0.18180672544897375,-0.600942426308628,-1.0874352743153162,1.1654794712017427,0.132148817287968,-0.8871760477565424,4,1362574
-0.0021755749079004124,1.1266181277361518,0.034545595731011354,-0.6482979558559694,-0.9896144385542159,1.127171999885212,3,1363083
-0.08508702057448098,-0.02508890829370144,-0.7134416509665403,0.25859075767288664,0.132148817287968,1.127171999885212,2,1363043
-0.5461467553899442,1.074267807916613,-0.3394480276177645,-0.6482979558559694,0.132148817287968,-0.8871760477565424,3,1362675
0.19947046822141917,-1.072095304684477,-1.0874352743153162,0.25859075767288664,0.132148817287968,1.127171999885212,2,1363308
-1.0241492638851,-1.333846903782171,-0.7134416509665403,-0.6482979558559694,-0.9896144385542159,-0.8871760477565424,0,1362940
-0.3346775083718667,1.3883697268338457,1.1565264657773389,-0.6482979558559694,0.132148817287968,1.127171999885212,3,1363165
-0.6015261938270243,1.3883697268338457,1.9045137124748905,-0.6482979558559694,0.132148817287968,-0.8871760477565424,3,1363409
0.16382755869844892,-0.07743922811324022,-1.0874352743153162,1.1654794712017427,0.132148817287968,1.127171999885212,4,1363022
-0.217024364548257,-0.5485921064890893,-0.7134416509665403,2.072368184730599,0.132148817287968,-0.8871760477565424,4,1362797
-1.0241492638851,-1.4908978632407872,0.782532842428563,-0.6482979558559694,-0.9896144385542159,1.127171999885212,2,1363491
-0.0828790527279253,-1.0197449848649383,-0.7134416509665403,-0.6482979558559694,1.253912073130152,-0.8871760477565424,0,1363266
-0.211256611806234,-0.8103437055867831,0.782532842428563,1.1654794712017427,0.132148817287968,-0.8871760477565424,4,1362614
1.6903894914660664,-0.07743922811324022,-1.0874352743153162,2.9792568982594547,0.132148817287968,-0.8871760477565424,4,1362858
-1.0241492638851,-1.4385475434212485,1.1565264657773389,-0.6482979558559694,-0.9896144385542159,-0.8871760477565424,0,1362879
-1.0241492638851,-1.5432481830603262,0.4085392190797872,-0.6482979558559694,-0.9896144385542159,-0.8871760477565424,0,1362654
0.6097018819978047,0.1319620511649149,0.4085392190797872,1.1654794712017427,0.132148817287968,-0.8871760477565424,4,1363348
1.5165458189760295,-0.3915411470304729,-0.7134416509665403,1.1654794712017427,2.375675328972336,1.127171999885212,4,1363123
-0.10680621449366132,-0.02508890829370144,-0.7134416509665403,-0.6482979558559694,-0.9896144385542159,-0.8871760477565424,0,1362736
2.417396700370746,0.7078155691798415,0.782532842428563,0.25859075767288664,0.132148817287968,1.127171999885212,1,1363388
-1.0241492638851,-1.333846903782171,-0.7134416509665403,-0.6482979558559694,-0.9896144385542159,-0.8871760477565424,0,1363205
-0.9107318134814134,2.1212742043073884,-0.3394480276177645,-0.6482979558559694,-0.9896144385542159,1.127171999885212,3,1362511
-0.19548541290226487,-0.23449018757185658,1.5305200891261146,1.1654794712017427,0.132148817287968,-0.8871760477565424,4,1363470
-0.6546075432809547,-1.2814965839626322,-0.3394480276177645,-0.6482979558559694,-0.9896144385542159,1.127171999885212,2,1362980
-0.49581410060213416,-0.6532927461281668,-1.4614288976640921,-0.6482979558559694,-0.9896144385542159,1.127171999885212,2,1362593
0.3396088356252591,-0.4438914668500117,0.034545595731011354,-0.6482979558559694,-0.9896144385542159,-0.8871760477565424,0,1363449
-0.46945366814835715,-0.129789547932779,-1.4614288976640921,-0.6482979558559694,-0.9896144385542159,-0.8871760477565424,0,1363327
-0.018307258358245978,0.3937136502626088,-1.4614288976640921,-0.6482979558559694,0.132148817287968,1.127171999885212,2,1362837
-0.8303888202077649,-0.9673946650453995,-0.3394480276177645,-0.6482979558559694,-0.9896144385542159,-0.8871760477565424,0,1362919
-0.3222858520901767,0.1843123709844537,0.782532842428563,-0.6482979558559694,-0.9896144385542159,-0.8871760477565424,0,1363306
-0.22432417661237986,0.7078155691798415,0.782532842428563,0.25859075767288664,0.132148817287968,-0.8871760477565424,3,1362715
-0.20481295053975518,-0.4962417866695505,-0.3394480276177645,2.072368184730599,0.132148817287968,-0.8871760477565424,4,1363102
-0.13014758887153563,0.3937136502626088,-1.4614288976640921,1.1654794712017427,2.375675328972336,-0.8871760477565424,4,1363184
0.3203679729624168,-0.33919082721093413,0.782532842428563,1.1654794712017427,0.132148817287968,-0.8871760477565424,4,1362694
0.2046073730072834,1.3360194070143068,-0.3394480276177645,-0.6482979558559694,0.132148817287968,1.127171999885212,3,1362776
2.478273528140067,0.7601658889993803,1.1565264657773389,0.25859075767288664,0.132148817287968,-0.8871760477565424,1,1362959
-1.0241492638851,-1.333846903782171,-0.7134416509665403,-0.6482979558559694,-0.9896144385542159,1.127171999885212,2,1362572
-0.6501014864512493,2.06892388448785,-0.7134416509665403,-0.6482979558559694,-0.9896144385542159,1.127171999885212,3,1363428
-0.5366840360475628,-0.7579933857672444,0.034545595731011354,1.1654794712017427,0.132148817287968,-0.8871760477565424,4,1362633
0.01607395525240672,-0.8103437055867831,0.782532842428563,-0.6482979558559694,-0.9896144385542159,-0.8871760477565424,0,1362551
-0.46319024915506657,-0.5485921064890893,-1.0874352743153162,1.1654794712017427,0.132148817287968,1.127171999885212,4,1362898
-0.4871174109208026,-1.2291462641430935,0.034545595731011354,-0.6482979558559694,-0.9896144385542159,-0.8871760477565424,0,1362816
0.8628070941223607,-0.2868405073913953,1.1565264657773389,-0.6482979558559694,-0.9896144385542159,-0.8871760477565424,0,1363081
0.8085091093244099,-0.6532927461281668,-1.4614288976640921,1.1654794712017427,1.253912073130152,1.127171999885212,4,1363142
-0.5969750764290218,-0.02508890829370144,-0.7134416509665403,1.1654794712017427,0.132148817287968,1.127171999885212,4,1362877
0.7444780417742952,0.7601658889993803,1.1565264657773389,-0.6482979558559694,-0.9896144385542159,-0.8871760477565424,3,1362530
0.5636499811982149,0.6554652493603027,0.4085392190797872,0.25859075767288664,0.132148817287968,1.127171999885212,1,1363346
0.300766625753198,-0.33919082721093413,0.782532842428563,1.1654794712017427,2.375675328972336,1.127171999885212,4,1362999
-1.0241492638851,-1.3861972236017097,-1.0874352743153162,-0.6482979558559694,-0.9896144385542159,1.127171999885212,2,1362938
0.6396220993470491,0.5507646097212251,-0.7134416509665403,0.25859075767288664,1.253912073130152,-0.8871760477565424,4,1363468
0.46330009560067414,0.6554652493603027,0.4085392190797872,-0.6482979558559694,0.132148817287968,-0.8871760477565424,3,1362734
-1.0241492638851,-1.3861972236017097,-1.0874352743153162,-0.6482979558559694,-0.9896144385542159,-0.8871760477565424,0,1363264
2.698394404271179,0.7078155691798415,0.782532842428563,0.25859075767288664,0.132148817287968,1.127171999885212,1,1363203
-1.0241492638851,-1.4908978632407872,0.782532842428563,-0.6482979558559694,-0.9896144385542159,1.127171999885212,2,1363121
0.1896022037643642,1.1266181277361518,0.034545595731011354,-0.6482979558559694,-0.9896144385542159,-0.8871760477565424,3,1362591
0.38611134210781956,-0.129789547932779,-1.4614288976640921,-0.6482979558559694,0.132148817287968,1.127171999885212,2,1362713
1.1603420265878126,0.1843123709844537,0.782532842428563,3.8861456117883106,0.132148817287968,1.127171999885212,4,1363060
-0.88477692614231,2.06892388448785,-0.7134416509665403,-0.6482979558559694,0.132148817287968,1.127171999885212,3,1362509
-0.08936777456270117,0.1843123709844537,-1.0874352743153162,1.1654794712017427,0.132148817287968,1.127171999885212,4,1362652
0.4655531240155269,-0.07743922811324022,-1.0874352743153162,-0.6482979558559694,-0.9896144385542159,1.127171999885212,2,1362978
1.0244844131721929,0.7601658889993803,1.1565264657773389,-0.6482979558559694,0.132148817287968,-0.8871760477565424,3,1362917
-0.255776453283724,-0.07743922811324022,-1.0874352743153162,-0.6482979558559694,-0.9896144385542159,-0.8871760477565424,0,1363447
-0.4819354455666413,2.225974843946466,0.4085392190797872,-0.6482979558559694,0.132148817287968,1.127171999885212,3,1363386
-0.09761385856106217,0.3937136502626088,-1.4614288976640921,1.1654794712017427,0.132148817287968,-0.8871760477565424,4,1362570
3.5349438547059986,0.3937136502626088,-1.4614288976640921,-0.6482979558559694,0.132148817287968,-0.8871760477565424,1,1363182
-0.6141431529501997,-0.7579933857672444,1.1565264657773389,-0.6482979558559694,-0.9896144385542159,1.127171999885212,2,1362835
-0.27709010208823087,-0.3915411470304729,0.4085392190797872,1.1654794712017427,0.132148817287968,1.127171999885212,4,1363243
-0.35815406445463216,2.3830258034050824,1.5305200891261146,-0.6482979558559694,2.375675328972336,-0.8871760477565424,3,1363304
-1.0241492638851,-1.4385475434212485,1.1565264657773389,-0.6482979558559694,-0.9896144385542159,-0.8871760477565424,0,1363039
-1.0241492638851,-1.5432481830603262,0.4085392190797872,-0.6482979558559694,-0.9896144385542159,1.127171999885212,2,1362692
0.5256639221237978,0.603114929540764,0.034545595731011354,-0.6482979558559694,0.132148817287968,-0.8871760477565424,3,1362631
-0.4581885260740935,-0.600942426308628,-1.0874352743153162,1.1654794712017427,0.132148817287968,-0.8871760477565424,4,1363161
-0.45643116391050836,-0.2868405073913953,-0.3394480276177645,-0.6482979558559694,-0.9896144385542159,1.127171999885212,2,1363100
0.6514730288091743,-0.33919082721093413,0.782532842428563,-0.6482979558559694,-0.9896144385542159,1.127171999885212,2,1363426
0.9926716519544723,0.5507646097212251,-0.7134416509665403,0.25859075767288664,0.132148817287968,-0.8871760477565424,4,1362896
-1.0241492638851,-1.333846903782171,-0.7134416509665403,-0.6482979558559694,-0.9896144385542159,-0.8871760477565424,0,1362549
0.8350948446196721,-0.4438914668500117,0.034545595731011354,2.072368184730599,0.132148817287968,1.127171999885212,4,1363365
1.0884704201540105,-0.33919082721093413,0.034545595731011354,1.1654794712017427,0.132148817287968,1.127171999885212,1,1363018
-0.7049852586370619,1.807172285390156,1.1565264657773389,-0.6482979558559694,0.132148817287968,-0.8871760477565424,3,1362488
-1.0241492638851,-1.3861972236017097,-1.0874352743153162,-0.6482979558559694,-0.9896144385542159,1.127171999885212,2,1362814
-0.4225005559828262,0.28901301062353124,1.5305200891261146,-0.6482979558559694,-0.9896144385542159,-0.8871760477565424,0,1362753
0.012018504105671804,-1.1244456245040158,-1.4614288976640921,-0.6482979558559694,-0.9896144385542159,-0.8871760477565424,0,1363283
-0.7782988032563698,1.074267807916613,-0.3394480276177645,-0.6482979558559694,2.375675328972336,1.127171999885212,3,1363222
-0.6329784704983685,1.3360194070143068,1.5305200891261146,-0.6482979558559694,0.132148817287968,-0.8871760477565424,3,1362875
-1.0241492638851,-1.5432481830603262,0.4085392190797872,-0.6482979558559694,-0.9896144385542159,1.127171999885212,2,1363487
0.002465663626696217,-0.9150443452258608,0.034545595731011354,-0.6482979558559694,-0.9896144385542159,-0.8871760477565424,0,1362671
-0.5914776870967812,1.9118729250292334,1.9045137124748905,-0.6482979558559694,0.132148817287968,1.127171999885212,3,1362610
-0.0921164692288215,0.07961173134537612,0.034545595731011354,-0.6482979558559694,-0.9896144385542159,1.127171999885212,2,1363140
0.12156074563581167,0.1843123709844537,0.782532842428563,0.25859075767288664,0.132148817287968,-0.8871760477565424,3,1363079
-0.7259384228951923,-0.18213986775231777,1.9045137124748905,-0.6482979558559694,-0.9896144385542159,-0.8871760477565424,0,1362528
-0.4327743655545547,1.2313187673752293,0.782532842428563,-0.6482979558559694,0.132148817287968,-0.8871760477565424,3,1363344
-1.0241492638851,-1.333846903782171,-0.7134416509665403,-0.6482979558559694,-0.9896144385542159,-0.8871760477565424,0,1362997
-0.6377548907378563,0.49841428990168635,-0.7134416509665403,0.25859075767288664,0.132148817287968,-0.8871760477565424,3,1362936
-1.0241492638851,-1.4385475434212485,1.1565264657773389,-0.6482979558559694,-0.9896144385542159,-0.8871760477565424,0,1363466
0.17369582315550391,-1.0197449848649383,-0.7134416509665403,1.1654794712017427,0.132148817287968,-0.8871760477565424,4,1363405
0.3580386080587545,1.1266181277361518,0.034545595731011354,-0.6482979558559694,0.132148817287968,-0.8871760477565424,3,1362589
-0.6619524159133746,1.9642232448487722,-1.4614288976640921,-0.6482979558559694,0.132148817287968,-0.8871760477565424,3,1363201
-1.0241492638851,-1.4385475434212485,-1.4614288976640921,-0.6482979558559694,-0.9896144385542159,1.127171999885212,2,1362854
0.28801448492513154,-0.33919082721093413,0.782532842428563,1.1654794712017427,1.253912073130152,1.127171999885212,4,1362793
1.5840465502850174,-0.18213986775231777,1.9045137124748905,-0.6482979558559694,-0.9896144385542159,-0.8871760477565424,1,1363323
1.2122518012660195,0.603114929540764,0.034545595731011354,0.25859075767288664,0.132148817287968,-0.8871760477565424,1,1363262
-0.4386322394331718,-0.8626940254063219,0.4085392190797872,0.25859075767288664,2.375675328972336,-0.8871760477565424,4,1362711
-0.7377893523573177,1.807172285390156,1.1565264657773389,-0.6482979558559694,0.132148817287968,1.127171999885212,3,1363058
-1.0241492638851,-1.4385475434212485,1.1565264657773389,-0.6482979558559694,-0.9896144385542159,1.127171999885212,2,1363180
-0.2218909059243389,-1.1244456245040158,-1.4614288976640921,0.25859075767288664,0.132148817287968,1.127171999885212,2,1362650
-0.1148720562188341,0.34136333044307005,1.9045137124748905,0.25859075767288664,0.132148817287968,-0.8871760477565424,3,1362976
1.4382756118440456,0.28901301062353124,1.5305200891261146,-0.6482979558559694,-0.9896144385542159,1.127171999885212,1,1363384
-0.7574808207031305,-0.7056430659477055,1.5305200891261146,0.25859075767288664,0.132148817287968,1.127171999885212,2,1363445
-1.0241492638851,-1.333846903782171,-0.7134416509665403,-0.6482979558559694,-0.9896144385542159,-0.8871760477565424,0,1362507
-1.0241492638851,-1.3861972236017097,-1.0874352743153162,-0.6482979558559694,-0.9896144385542159,1.127171999885212,2,1362568
-0.4628748251769872,-0.600942426308628,-1.0874352743153162,1.1654794712017427,0.132148817287968,1.127171999885212,4,1362772
-0.6520841514563197,-0.7056430659477055,1.5305200891261146,-0.6482979558559694,0.132148817287968,-0.8871760477565424,0,1363037
0.3374459283470005,0.1843123709844537,0.782532842428563,-0.6482979558559694,-0.9896144385542159,-0.8871760477565424,0,1363241
1.2606017910487592,0.6554652493603027,0.4085392190797872,0.25859075767288664,0.132148817287968,1.127171999885212,1,1363302
-0.03691727306492955,0.4460639700821476,-1.0874352743153162,0.25859075767288664,0.132148817287968,1.127171999885212,2,1363098
1.658847093658128,0.7601658889993803,1.1565264657773389,-0.6482979558559694,-0.9896144385542159,1.127171999885212,1,1362894
-0.5419561225383182,1.7548219655706172,0.782532842428563,-0.6482979558559694,1.253912073130152,-0.8871760477565424,3,1362486
0.0632073096911259,0.23666269080399246,1.1565264657773389,0.25859075767288664,0.132148817287968,-0.8871760477565424,3,1362690
-0.3146255554796774,-0.6532927461281668,-1.4614288976640921,2.072368184730599,0.132148817287968,1.127171999885212,4,1362955
-0.5271762561368842,0.1843123709844537,0.034545595731011354,-0.6482979558559694,-0.9896144385542159,1.127171999885212,2,1363159
-1.0241492638851,-1.4385475434212485,-0.3394480276177645,-0.6482979558559694,-0.9896144385542159,-0.8871760477565424,0,1363077
0.3462777997332232,-0.2868405073913953,-0.3394480276177645,-0.6482979558559694,0.132148817287968,1.127171999885212,2,1362547
-1.0241492638851,-1.5432481830603262,0.4085392190797872,-0.6482979558559694,-0.9896144385542159,-0.8871760477565424,0,1362669
0.8376182364443072,0.603114929540764,0.034545595731011354,0.25859075767288664,0.132148817287968,1.127171999885212,1,1363016
-0.5251485305635167,0.49841428990168635,-0.7134416509665403,0.25859075767288664,0.132148817287968,-0.8871760477565424,3,1362934
-0.12911119580070338,0.28901301062353124,1.5305200891261146,-0.6482979558559694,-0.9896144385542159,-0.8871760477565424,0,1363485
0.6594938099660501,0.49841428990168635,-0.7134416509665403,0.25859075767288664,2.375675328972336,-0.8871760477565424,4,1363403
0.44933131942858723,0.5507646097212251,-0.3394480276177645,0.25859075767288664,2.375675328972336,-0.8871760477565424,4,1363342
0.9527479884432818,-0.07743922811324022,-1.0874352743153162,-0.6482979558559694,0.132148817287968,-0.8871760477565424,0,1362526
-0.432188578166693,1.545420686292462,-0.7134416509665403,-0.6482979558559694,0.132148817287968,-0.8871760477565424,3,1363138
-0.6675399263822094,2.016573564668311,-1.0874352743153162,-0.6482979558559694,0.132148817287968,-0.8871760477565424,3,1362791
-0.4389026028429541,-0.2868405073913953,1.1565264657773389,2.072368184730599,2.375675328972336,-0.8871760477565424,4,1362730
-0.9141113561036925,-1.2291462641430935,-1.0874352743153162,-0.6482979558559694,-0.9896144385542159,-0.8871760477565424,0,1363056
-1.0241492638851,-1.3861972236017097,-1.0874352743153162,-0.6482979558559694,-0.9896144385542159,1.127171999885212,2,1363199
0.7213169096696092,0.28901301062353124,1.1565264657773389,3.8861456117883106,2.375675328972336,1.127171999885212,4,1363117
1.0123631203002852,0.8648665286384578,1.9045137124748905,1.1654794712017427,0.132148817287968,1.127171999885212,1,1362995
-0.4159667735797533,0.9695671682775354,-1.0874352743153162,-0.6482979558559694,0.132148817287968,-0.8871760477565424,3,1363382
-0.627661323439316,-0.8103437055867831,0.782532842428563,-0.6482979558559694,0.132148817287968,-0.8871760477565424,0,1362587
-0.6756057681073823,0.5507646097212251,-0.3394480276177645,0.25859075767288664,0.132148817287968,-0.8871760477565424,3,1362505
0.4946622511354242,0.7078155691798415,0.782532842428563,0.25859075767288664,0.132148817287968,1.127171999885212,1,1362852
-0.46377603654292826,-0.7056430659477055,1.5305200891261146,-0.6482979558559694,-0.9896144385542159,1.127171999885212,2,1362974
0.4679413341352708,0.6554652493603027,0.4085392190797872,-0.6482979558559694,0.132148817287968,1.127171999885212,3,1363321
2.4406028930437293,-0.02508890829370144,-0.7134416509665403,-0.6482979558559694,-0.9896144385542159,-0.8871760477565424,1,1362770
-0.7546420049004161,1.6501213259315395,0.034545595731011354,-0.6482979558559694,0.132148817287968,-0.8871760477565424,3,1362709
3.9777540593611547,0.49841428990168635,-0.7134416509665403,-0.6482979558559694,-0.9896144385542159,1.127171999885212,1,1362831
0.38264167834894636,-0.4438914668500117,0.034545595731011354,-0.6482979558559694,-0.9896144385542159,1.127171999885212,2,1363178
-0.4801780834030562,1.283669087194768,1.1565264657773389,-0.6482979558559694,0.132148817287968,1.127171999885212,3,1363096
4.736754271756744,0.603114929540764,0.034545595731011354,0.25859075767288664,0.132148817287968,1.127171999885212,1,1362566
0.14778599638469747,-0.4438914668500117,0.034545595731011354,1.1654794712017427,2.375675328972336,-0.8871760477565424,4,1363361
-0.6518588486148345,0.9172168484579966,-1.4614288976640921,-0.6482979558559694,0.132148817287968,1.127171999885212,3,1363035
-0.5711553707948095,-0.02508890829370144,-0.7134416509665403,-0.6482979558559694,-0.9896144385542159,-0.8871760477565424,0,1362484
0.05261807614131805,-0.4438914668500117,0.034545595731011354,0.25859075767288664,0.132148817287968,1.127171999885212,2,1362688
0.8923668269252286,-0.18213986775231777,1.9045137124748905,1.1654794712017427,0.132148817287968,1.127171999885212,1,1363422
2.2289534037524636,-0.5485921064890893,-0.7134416509665403,-0.6482979558559694,-0.9896144385542159,1.127171999885212,1,1363157
-0.048768202527054924,0.34136333044307005,0.782532842428563,-0.6482979558559694,-0.9896144385542159,-0.8871760477565424,0,1363218
-0.23955464869678433,-0.4962417866695505,-0.7134416509665403,1.1654794712017427,1.253912073130152,-0.8871760477565424,4,1362749
-1.0241492638851,-1.333846903782171,-0.7134416509665403,-0.6482979558559694,-0.9896144385542159,-0.8871760477565424,0,1362810
-0.33026157267875533,0.9172168484579966,-1.4614288976640921,-0.6482979558559694,0.132148817287968,1.127171999885212,3,1363014
-0.4581885260740935,0.1843123709844537,0.782532842428563,0.25859075767288664,0.132148817287968,1.127171999885212,2,1363075
-0.6063927352031062,-0.7579933857672444,0.782532842428563,-0.6482979558559694,0.132148817287968,1.127171999885212,2,1363483
-0.19562059460715603,-1.2814965839626322,-0.3394480276177645,-0.6482979558559694,-0.9896144385542159,1.127171999885212,2,1362932
0.6244366878309416,0.4460639700821476,-1.0874352743153162,-0.6482979558559694,-0.9896144385542159,-0.8871760477565424,0,1362606
-0.5735886414828505,0.07961173134537612,0.034545595731011354,-0.6482979558559694,0.132148817287968,1.127171999885212,2,1363401
-1.0241492638851,-1.5432481830603262,0.4085392190797872,-0.6482979558559694,-0.9896144385542159,1.127171999885212,2,1363340
-1.0241492638851,-1.4385475434212485,1.1565264657773389,-0.6482979558559694,-0.9896144385542159,-0.8871760477565424,0,1362524
0.4207178585599575,0.28901301062353124,1.5305200891261146,0.25859075767288664,0.132148817287968,1.127171999885212,1,1362728
-0.09130537899947452,-0.6532927461281668,-1.4614288976640921,0.25859075767288664,1.253912073130152,-0.8871760477565424,4,1362993
-0.16403313623092072,0.49841428990168635,-0.7134416509665403,1.1654794712017427,0.132148817287968,-0.8871760477565424,4,1363197
-0.6183788463701229,-0.8626940254063219,0.4085392190797872,0.25859075767288664,0.132148817287968,-0.8871760477565424,0,1363258
-0.596299167904566,-0.9150443452258608,0.034545595731011354,1.1654794712017427,1.253912073130152,-0.8871760477565424,4,1363462
-0.7633837551500446,-1.2814965839626322,-0.3394480276177645,-0.6482979558559694,-0.9896144385542159,1.127171999885212,2,1362503
0.24173728128405642,1.3883697268338457,1.9045137124748905,-0.6482979558559694,0.132148817287968,1.127171999885212,3,1362585
1.636542112351086,0.6554652493603027,0.4085392190797872,-0.6482979558559694,-0.9896144385542159,1.127171999885212,1,1362972
-0.5853494498083818,0.7078155691798415,0.782532842428563,0.25859075767288664,0.132148817287968,-0.8871760477565424,3,1363054
-0.7011100497635151,-0.18213986775231777,1.9045137124748905,-0.6482979558559694,-0.9896144385542159,-0.8871760477565424,0,1363441
-0.6203615113751932,2.278325163766005,0.782532842428563,-0.6482979558559694,2.375675328972336,1.127171999885212,3,1362850
1.5543966963455553,-0.3915411470304729,0.4085392190797872,1.1654794712017427,0.132148817287968,1.127171999885212,1,1363237
0.9466648117231794,1.2313187673752293,0.782532842428563,-0.6482979558559694,0.132148817287968,1.127171999885212,1,1362911
1.2087370769388492,0.5507646097212251,-0.3394480276177645,0.25859075767288664,0.132148817287968,-0.8871760477565424,1,1362829
-0.8992413685656645,-1.072095304684477,-1.0874352743153162,0.25859075767288664,2.375675328972336,-0.8871760477565424,4,1363176
1.5125804889658887,-0.23449018757185658,1.5305200891261146,1.1654794712017427,0.132148817287968,1.127171999885212,1,1363298
-1.0241492638851,-1.3861972236017097,-1.0874352743153162,-0.6482979558559694,-0.9896144385542159,1.127171999885212,2,1362768
-0.5174882339530175,1.545420686292462,-0.7134416509665403,-0.6482979558559694,0.132148817287968,-0.8871760477565424,3,1363094
-0.3772146848442863,1.807172285390156,1.1565264657773389,-0.6482979558559694,0.132148817287968,-0.8871760477565424,3,1362564
-0.1671423154434175,1.4407200466533845,-1.4614288976640921,-0.6482979558559694,2.375675328972336,-0.8871760477565424,3,1362686
0.33510277879555367,-0.2868405073913953,1.1565264657773389,2.072368184730599,0.132148817287968,1.127171999885212,4,1362625
0.06135982639094665,1.283669087194768,1.1565264657773389,-0.6482979558559694,0.132148817287968,1.127171999885212,3,1362951
-1.0241492638851,-1.4908978632407872,0.782532842428563,-0.6482979558559694,-0.9896144385542159,-0.8871760477565424,0,1362890
-0.01618941164828441,-0.5485921064890893,-0.7134416509665403,-0.6482979558559694,-0.9896144385542159,-0.8871760477565424,0,1363420
-0.4275022790637993,-1.2814965839626322,-0.3394480276177645,-0.6482979558559694,-0.9896144385542159,-0.8871760477565424,0,1363216
2.46002399797976,-0.33919082721093413,0.782532842428563,1.1654794712017427,0.132148817287968,1.127171999885212,1,1362543
2.485753582477378,-0.3915411470304729,-0.7134416509665403,-0.6482979558559694,-0.9896144385542159,1.127171999885212,1,1363012
0.39016679325455444,-0.02508890829370144,-0.7134416509665403,-0.6482979558559694,-0.9896144385542159,-0.8871760477565424,0,1362808
-0.6797964009590083,1.2313187673752293,0.782532842428563,-0.6482979558559694,0.132148817287968,-0.8871760477565424,3,1363481
-1.0241492638851,-1.4908978632407872,0.782532842428563,-0.6482979558559694,-0.9896144385542159,-0.8871760477565424,0,1362665
0.2467390043650295,-0.129789547932779,-1.4614288976640921,-0.6482979558559694,-0.9896144385542159,-0.8871760477565424,0,1362604
-0.13893439968946128,-0.18213986775231777,0.782532842428563,1.1654794712017427,0.132148817287968,1.127171999885212,4,1363134
-0.4914882860456169,-0.7056430659477055,1.5305200891261146,-0.6482979558559694,0.132148817287968,1.127171999885212,2,1363073
-0.952457899724486,-0.9150443452258608,0.034545595731011354,-0.6482979558559694,-0.9896144385542159,1.127171999885212,2,1363399
-1.0241492638851,-1.5432481830603262,0.4085392190797872,-0.6482979558559694,-0.9896144385542159,-0.8871760477565424,0,1363338
-0.04827253627578732,0.34136333044307005,1.9045137124748905,-0.6482979558559694,-0.9896144385542159,-0.8871760477565424,0,1362991
-1.0241492638851,-1.333846903782171,-0.7134416509665403,-0.6482979558559694,-0.9896144385542159,1.127171999885212,2,1362930
-1.0241492638851,-1.4908978632407872,0.782532842428563,-0.6482979558559694,-0.9896144385542159,1.127171999885212,2,1362787
-0.3869477675964501,-1.2814965839626322,-0.3394480276177645,-0.6482979558559694,-0.9896144385542159,1.127171999885212,2,1362726
3.057977739281675,0.3937136502626088,-1.4614288976640921,-0.6482979558559694,0.132148817287968,1.127171999885212,1,1363256
-1.0241492638851,-1.333846903782171,-0.7134416509665403,-0.6482979558559694,-0.9896144385542159,1.127171999885212,2,1363195
-1.0241492638851,-1.4385475434212485,1.1565264657773389,-0.6482979558559694,-0.9896144385542159,-0.8871760477565424,0,1362848
-0.20512837451783458,1.3360194070143068,1.5305200891261146,-0.6482979558559694,2.375675328972336,-0.8871760477565424,3,1363317
-0.8722500881557287,-1.2291462641430935,0.034545595731011354,-0.6482979558559694,-0.9896144385542159,-0.8871760477565424,0,1362644
3.417290710882389,0.027261411525837338,-0.3394480276177645,0.25859075767288664,1.253912073130152,-0.8871760477565424,1,1362909
0.33501265765895955,-0.23449018757185658,-1.0874352743153162,2.072368184730599,0.132148817287968,1.127171999885212,4,1363113
0.4057126893170383,-0.3915411470304729,0.4085392190797872,2.072368184730599,0.132148817287968,1.127171999885212,4,1363378
0.2210995410040054,-0.129789547932779,-1.4614288976640921,1.1654794712017427,2.375675328972336,-0.8871760477565424,4,1362705
-0.060574071420883245,0.8125162088189191,1.1565264657773389,0.25859075767288664,0.132148817287968,-0.8871760477565424,3,1363174
1.9204236926225304,0.8125162088189191,1.5305200891261146,1.1654794712017427,0.132148817287968,-0.8871760477565424,1,1362501
3.5849160249474323,0.7078155691798415,0.782532842428563,1.1654794712017427,1.253912073130152,-0.8871760477565424,1,1362766
0.34010450187652674,0.1319620511649149,-1.0874352743153162,-0.6482979558559694,-0.9896144385542159,-0.8871760477565424,0,1362970
0.13963003352293057,1.7024716457510782,0.4085392190797872,-0.6482979558559694,0.132148817287968,-0.8871760477565424,3,1363235
-0.8356158461302233,-0.8103437055867831,0.782532842428563,0.25859075767288664,0.132148817287968,-0.8871760477565424,0,1363439
1.3434231155787457,-0.3915411470304729,0.4085392190797872,2.072368184730599,2.375675328972336,1.127171999885212,4,1363031
1.838638761163376,0.1843123709844537,0.782532842428563,-0.6482979558559694,-0.9896144385542159,-0.8871760477565424,1,1362562
-0.3232771845927119,1.5977710061120007,-0.3394480276177645,-0.6482979558559694,0.132148817287968,1.127171999885212,3,1362623
-0.7435120445310436,2.1736245241269274,0.034545595731011354,-0.6482979558559694,0.132148817287968,-0.8871760477565424,3,1362827
1.511228671916977,0.07961173134537612,0.034545595731011354,3.8861456117883106,1.253912073130152,1.127171999885212,4,1362888
-0.6951169941800068,-1.2291462641430935,0.034545595731011354,-0.6482979558559694,-0.9896144385542159,-0.8871760477565424,0,1363296
-0.1661509829408823,-0.23449018757185658,1.5305200891261146,2.072368184730599,0.132148817287968,1.127171999885212,4,1363357
-0.7173318543504549,0.9172168484579966,-1.4614288976640921,-0.6482979558559694,-0.9896144385542159,-0.8871760477565424,0,1363092
1.2689830567520113,-0.4962417866695505,-0.3394480276177645,1.1654794712017427,0.132148817287968,1.127171999885212,1,1362480
-1.0241492638851,-1.4385475434212485,1.1565264657773389,-0.6482979558559694,-0.9896144385542159,-0.8871760477565424,0,1363153
-0.5100081796157063,2.06892388448785,-0.7134416509665403,-0.6482979558559694,0.132148817287968,1.127171999885212,3,1362745
-1.0241492638851,-1.3861972236017097,-1.0874352743153162,-0.6482979558559694,-0.9896144385542159,1.127171999885212,2,1362949
-0.6481188214461788,-1.2291462641430935,0.034545595731011354,-0.6482979558559694,-0.9896144385542159,-0.8871760477565424,0,1363214
-0.016504835626363793,1.074267807916613,-0.3394480276177645,-0.6482979558559694,0.132148817287968,1.127171999885212,3,1362541
0.45059301534090473,0.5507646097212251,-0.3394480276177645,-0.6482979558559694,1.253912073130152,1.127171999885212,3,1363479
-0.8248013097389302,-1.2814965839626322,-0.3394480276177645,-0.6482979558559694,-0.9896144385542159,1.127171999885212,2,1363010
0.3950783951989334,-0.9150443452258608,0.034545595731011354,0.25859075767288664,1.253912073130152,-0.8871760477565424,4,1362602
0.7504260367895064,-0.9673946650453995,-0.3394480276177645,0.25859075767288664,1.253912073130152,1.127171999885212,4,1362806
-0.9536294745002094,2.06892388448785,-0.7134416509665403,-0.6482979558559694,0.132148817287968,-0.8871760477565424,3,1363071
-0.2232877835415476,-0.2868405073913953,1.1565264657773389,2.072368184730599,0.132148817287968,-0.8871760477565424,4,1363275
0.5036293042265381,0.49841428990168635,-0.7134416509665403,-0.6482979558559694,0.132148817287968,1.127171999885212,3,1363336
0.28395903377839665,0.07961173134537612,0.034545595731011354,-0.6482979558559694,-0.9896144385542159,1.127171999885212,2,1362663
-0.09180104525074212,0.07961173134537612,0.034545595731011354,-0.6482979558559694,-0.9896144385542159,1.127171999885212,2,1362928
1.6063515315920593,0.34136333044307005,-0.7134416509665403,2.9792568982594547,2.375675328972336,-0.8871760477565424,4,1362520
0.3722326870723267,0.1319620511649149,0.4085392190797872,-0.6482979558559694,-0.9896144385542159,-0.8871760477565424,0,1363193
-0.03169024714247121,0.07961173134537612,-0.3394480276177645,0.25859075767288664,0.132148817287968,-0.8871760477565424,0,1363458
0.939680423637136,-0.02508890829370144,-0.7134416509665403,3.8861456117883106,0.132148817287968,-0.8871760477565424,4,1362785
-0.42407767587322315,-1.2291462641430935,0.034545595731011354,-0.6482979558559694,-0.9896144385542159,-0.8871760477565424,0,1363254
-0.7128257975207494,0.603114929540764,-0.7134416509665403,1.1654794712017427,1.253912073130152,-0.8871760477565424,4,1362642
0.18734917534951145,-0.4438914668500117,0.034545595731011354,-0.6482979558559694,0.132148817287968,-0.8871760477565424,0,1362703
0.052032288753456335,1.7024716457510782,0.4085392190797872,-0.6482979558559694,0.132148817287968,1.127171999885212,3,1363376
3.169187221838806,0.3937136502626088,-1.4614288976640921,-0.6482979558559694,0.132148817287968,1.127171999885212,1,1363172
0.6512026653993921,1.1789684475556905,0.4085392190797872,-0.6482979558559694,0.132148817287968,1.127171999885212,3,1362499
-0.2531629403224948,1.3360194070143068,1.5305200891261146,-0.6482979558559694,-0.9896144385542159,-0.8871760477565424,3,1362968
0.14620887649430056,0.7601658889993803,1.1565264657773389,0.25859075767288664,0.132148817287968,1.127171999885212,3,1362764
-0.5629994079330426,-1.2814965839626322,-0.3394480276177645,-0.6482979558559694,-0.9896144385542159,-0.8871760477565424,0,1362825
0.6628282920200321,1.0219174880970743,-0.7134416509665403,-0.6482979558559694,0.132148817287968,1.127171999885212,3,1363233
0.3067596813367063,0.027261411525837338,-0.3394480276177645,-0.6482979558559694,0.132148817287968,-0.8871760477565424,0,1363294
-1.0241492638851,-1.4908978632407872,0.782532842428563,-0.6482979558559694,-0.9896144385542159,1.127171999885212,2,1363029
0.2844096394613672,-0.5485921064890893,-0.7134416509665403,0.25859075767288664,0.132148817287968,1.127171999885212,2,1362682
-0.8753142067999284,0.9695671682775354,-1.0874352743153162,-0.6482979558559694,1.253912073130152,-0.8871760477565424,3,1362621
-0.3586497307058998,-0.600942426308628,-1.0874352743153162,2.072368184730599,0.132148817287968,-0.8871760477565424,4,1363416
-1.0241492638851,-1.3861972236017097,-1.0874352743153162,-0.6482979558559694,-0.9896144385542159,-0.8871760477565424,0,1363090
0.5582427130025683,0.7601658889993803,1.1565264657773389,0.25859075767288664,0.132148817287968,-0.8871760477565424,3,1363008
-0.4344416065815457,-1.072095304684477,-1.0874352743153162,-0.6482979558559694,0.132148817287968,1.127171999885212,2,1363355
-0.2924557558775265,-0.4962417866695505,-0.3394480276177645,1.1654794712017427,2.375675328972336,1.127171999885212,4,1363130
-0.6615018102304041,-0.8626940254063219,0.4085392190797872,-0.6482979558559694,-0.9896144385542159,1.127171999885212,2,1362947
0.9673476125715276,-0.6532927461281668,-1.4614288976640921,0.25859075767288664,0.132148817287968,-0.8871760477565424,4,1362722
-0.48585571500848507,0.9172168484579966,-1.4614288976640921,-0.6482979558559694,2.375675328972336,-0.8871760477565424,3,1362743
-1.0241492638851,-1.333846903782171,-0.7134416509665403,-0.6482979558559694,-0.9896144385542159,-0.8871760477565424,0,1363456
-0.6163511207967554,1.1789684475556905,0.4085392190797872,-0.6482979558559694,0.132148817287968,-0.8871760477565424,3,1363212
-0.24005031494805193,-1.2814965839626322,-0.3394480276177645,-0.6482979558559694,-0.9896144385542159,1.127171999885212,2,1362579
2.0417267424782013,0.28901301062353124,1.5305200891261146,-0.6482979558559694,-0.9896144385542159,1.127171999885212,1,1362804
-1.0241492638851,-1.333846903782171,-0.7134416509665403,-0.6482979558559694,-0.9896144385542159,1.127171999885212,2,1362844
-0.5014466716392659,-1.2814965839626322,-0.3394480276177645,-0.6482979558559694,-0.9896144385542159,1.127171999885212,2,1363069
-0.13920476309924362,-0.9150443452258608,0.034545595731011354,0.25859075767288664,0.132148817287968,-0.8871760477565424,0,1363313
-1.0241492638851,-1.333846903782171,-0.7134416509665403,-0.6482979558559694,-0.9896144385542159,-0.8871760477565424,0,1363334
0.729472872531376,0.4460639700821476,-1.0874352743153162,-0.6482979558559694,0.132148817287968,-0.8871760477565424,3,1362701
-0.13875415741627306,1.2313187673752293,0.4085392190797872,-0.6482979558559694,0.132148817287968,1.127171999885212,3,1362661
-1.0241492638851,-1.333846903782171,-0.7134416509665403,-0.6482979558559694,-0.9896144385542159,-0.8871760477565424,0,1363170
-0.7322018418884828,1.1789684475556905,0.4085392190797872,-0.6482979558559694,0.132148817287968,-0.8871760477565424,3,1362926
-0.46958884985324834,-0.7056430659477055,1.5305200891261146,0.25859075767288664,0.132148817287968,1.127171999885212,2,1363435
-0.3928056414750672,-0.7056430659477055,1.5305200891261146,1.1654794712017427,1.253912073130152,-0.8871760477565424,4,1363395
-1.0241492638851,-1.4385475434212485,1.1565264657773389,-0.6482979558559694,-0.9896144385542159,1.127171999885212,2,1362558
0.15247229548759117,-0.33919082721093413,0.782532842428563,-0.6482979558559694,0.132148817287968,1.127171999885212,2,1363191
0.930623249409428,0.28901301062353124,1.5305200891261146,-0.6482979558559694,-0.9896144385542159,1.127171999885212,1,1362823
-0.2956099956583203,0.34136333044307005,1.9045137124748905,-0.6482979558559694,-0.9896144385542159,1.127171999885212,2,1362783
-0.6509576372488933,1.5977710061120007,-0.3394480276177645,-0.6482979558559694,0.132148817287968,-0.8871760477565424,3,1362680
-1.0241492638851,-1.3861972236017097,-1.0874352743153162,-0.6482979558559694,-0.9896144385542159,-0.8871760477565424,0,1363252
-0.6846629423350902,0.9695671682775354,-1.0874352743153162,-0.6482979558559694,0.132148817287968,-0.8871760477565424,3,1362741
0.9318398847534485,-0.129789547932779,-1.4614288976640921,2.9792568982594547,0.132148817287968,-0.8871760477565424,4,1363048
-1.0241492638851,-1.5432481830603262,0.4085392190797872,-0.6482979558559694,-0.9896144385542159,-0.8871760477565424,0,1362537
-0.8562535864102743,1.4930703664729232,-1.0874352743153162,-0.6482979558559694,0.132148817287968,-0.8871760477565424,3,1362640
-0.8274148227001593,0.9695671682775354,-1.0874352743153162,-0.6482979558559694,0.132148817287968,-0.8871760477565424,3,1363006
-0.6187393309164992,-1.0197449848649383,-0.7134416509665403,1.1654794712017427,0.132148817287968,1.127171999885212,2,1363109
0.09402873840631128,-0.5485921064890893,-0.7134416509665403,1.1654794712017427,0.132148817287968,1.127171999885212,4,1363475
-0.5008608842514043,-0.18213986775231777,0.4085392190797872,1.1654794712017427,0.132148817287968,-0.8871760477565424,4,1362905
1.203510051016391,0.23666269080399246,1.1565264657773389,1.1654794712017427,0.132148817287968,-0.8871760477565424,4,1362598
-0.7478378590875608,-1.1244456245040158,-1.4614288976640921,-0.6482979558559694,-0.9896144385542159,1.127171999885212,2,1363374
-1.0241492638851,-1.4908978632407872,0.782532842428563,-0.6482979558559694,-0.9896144385542159,1.127171999885212,2,1362863
-1.0241492638851,-1.4908978632407872,0.782532842428563,-0.6482979558559694,-0.9896144385542159,1.127171999885212,2,1362497
1.5991418406645306,0.6554652493603027,-0.3394480276177645,1.1654794712017427,0.132148817287968,-0.8871760477565424,4,1363332
-0.5266355293173195,2.1212742043073884,-0.3394480276177645,-0.6482979558559694,0.132148817287968,-0.8871760477565424,3,1362966
-0.8354806644253321,-1.2291462641430935,0.034545595731011354,-0.6482979558559694,-0.9896144385542159,-0.8871760477565424,0,1363128
0.4246381280018013,-0.5485921064890893,-0.7134416509665403,-0.6482979558559694,0.132148817287968,-0.8871760477565424,0,1362619
-0.17674021649069013,-1.2291462641430935,0.034545595731011354,-0.6482979558559694,-0.9896144385542159,1.127171999885212,2,1362720
0.28148070252205865,0.603114929540764,0.034545595731011354,1.1654794712017427,0.132148817287968,1.127171999885212,4,1363088
-0.5066286369934273,1.4407200466533845,-1.4614288976640921,-0.6482979558559694,0.132148817287968,-0.8871760477565424,3,1362985
0.770703292523181,0.8125162088189191,0.782532842428563,-0.6482979558559694,-0.9896144385542159,1.127171999885212,1,1363353
-0.6582574493130162,1.1789684475556905,0.4085392190797872,-0.6482979558559694,2.375675328972336,-0.8871760477565424,3,1363454
-0.3977623039877432,1.7548219655706172,0.782532842428563,-0.6482979558559694,0.132148817287968,-0.8871760477565424,3,1362945
2.853537940917938,0.3937136502626088,-1.4614288976640921,1.1654794712017427,1.253912073130152,1.127171999885212,1,1362577
0.1415225773914069,0.603114929540764,0.034545595731011354,0.25859075767288664,2.375675328972336,-0.8871760477565424,4,1363414
-0.6047705547444123,-0.07743922811324022,-1.0874352743153162,-0.6482979558559694,-0.9896144385542159,-0.8871760477565424,0,1363046
-0.12784949988838584,1.4407200466533845,-1.4614288976640921,-0.6482979558559694,2.375675328972336,1.127171999885212,3,1363210
1.4421958812858895,0.3937136502626088,-1.4614288976640921,-0.6482979558559694,0.132148817287968,1.127171999885212,1,1363311
-0.6876820004109928,-0.07743922811324022,-1.0874352743153162,-0.6482979558559694,-0.9896144385542159,-0.8871760477565424,0,1363271
0.30829174065880616,0.34136333044307005,-0.3394480276177645,-0.6482979558559694,-0.9896144385542159,-0.8871760477565424,0,1362903
-0.0003280916077211716,0.5507646097212251,-0.7134416509665403,1.1654794712017427,0.132148817287968,-0.8871760477565424,4,1363067
0.03369263745655509,-1.2291462641430935,0.034545595731011354,-0.6482979558559694,-0.9896144385542159,1.127171999885212,2,1362699
-1.0241492638851,-1.4908978632407872,0.782532842428563,-0.6482979558559694,-0.9896144385542159,1.127171999885212,2,1362659
3.217086605938575,0.4460639700821476,-1.0874352743153162,1.1654794712017427,0.132148817287968,1.127171999885212,1,1363168
-0.8076782937860494,1.6501213259315395,0.034545595731011354,-0.6482979558559694,0.132148817287968,1.127171999885212,3,1362924
-0.7278309667636685,0.1319620511649149,0.4085392190797872,-0.6482979558559694,-0.9896144385542159,1.127171999885212,2,1363433
-1.0241492638851,-1.3861972236017097,-1.0874352743153162,-0.6482979558559694,-0.9896144385542159,-0.8871760477565424,0,1363393
1.5032078907601012,0.1843123709844537,0.782532842428563,-0.6482979558559694,-0.9896144385542159,1.127171999885212,1,1362556
0.30139747370935677,-0.4962417866695505,-0.3394480276177645,2.072368184730599,2.375675328972336,1.127171999885212,4,1362516
-1.0241492638851,-1.4908978632407872,0.782532842428563,-0.6482979558559694,-0.9896144385542159,-0.8871760477565424,0,1363025
0.373314140711456,-0.600942426308628,-1.0874352743153162,-0.6482979558559694,-0.9896144385542159,1.127171999885212,2,1362781
0.18563687375422339,1.283669087194768,-1.0874352743153162,-0.6482979558559694,0.132148817287968,-0.8871760477565424,3,1363494
0.7671885681960108,0.7601658889993803,1.1565264657773389,1.1654794712017427,0.132148817287968,1.127171999885212,1,1363250
-1.0241492638851,-1.4385475434212485,-1.4614288976640921,-0.6482979558559694,-0.9896144385542159,-0.8871760477565424,0,1363290
-0.708364801259341,-0.129789547932779,-1.4614288976640921,0.25859075767288664,2.375675328972336,-0.8871760477565424,4,1362638
0.9617150415343957,-0.18213986775231777,1.9045137124748905,2.072368184730599,0.132148817287968,-0.8871760477565424,4,1362882
-0.11464675337734882,-0.07743922811324022,-1.0874352743153162,-0.6482979558559694,-0.9896144385542159,-0.8871760477565424,0,1363107
-1.0241492638851,-1.4385475434212485,1.1565264657773389,-0.6482979558559694,-0.9896144385542159,-0.8871760477565424,0,1363351
-0.7637442396964211,1.9118729250292334,1.9045137124748905,-0.6482979558559694,0.132148817287968,-0.8871760477565424,3,1362964
-0.08373520352556933,0.28901301062353124,1.5305200891261146,3.8861456117883106,0.132148817287968,-0.8871760477565424,4,1363147
0.9445920255815149,1.3360194070143068,1.5305200891261146,-0.6482979558559694,0.132148817287968,1.127171999885212,1,1362760
-0.9024406689147554,1.4407200466533845,-1.4614288976640921,-0.6482979558559694,0.132148817287968,-0.8871760477565424,3,1363208
-0.677137827429482,-0.9150443452258608,0.034545595731011354,0.25859075767288664,0.132148817287968,1.127171999885212,2,1363229
-0.1536241449543011,-0.9673946650453995,-0.3394480276177645,-0.6482979558559694,0.132148817287968,1.127171999885212,2,1363004
-0.6715052563923503,-1.2814965839626322,-0.3394480276177645,-0.6482979558559694,-0.9896144385542159,1.127171999885212,2,1362821
-1.0241492638851,-1.4385475434212485,-1.4614288976640921,-0.6482979558559694,-0.9896144385542159,-0.8871760477565424,0,1362596
-0.4031695721833898,0.3937136502626088,-1.4614288976640921,-0.6482979558559694,0.132148817287968,-0.8871760477565424,0,1362617
-1.0241492638851,-1.5432481830603262,0.4085392190797872,-0.6482979558559694,-0.9896144385542159,-0.8871760477565424,0,1362861
-1.0241492638851,-1.3861972236017097,-1.0874352743153162,-0.6482979558559694,-0.9896144385542159,-0.8871760477565424,0,1363086
1.2730385078987463,0.4460639700821476,-1.0874352743153162,0.25859075767288664,0.132148817287968,1.127171999885212,1,1362718
0.17211870326510698,0.1843123709844537,0.4085392190797872,2.9792568982594547,2.375675328972336,-0.8871760477565424,4,1362535
1.080720002406917,0.23666269080399246,1.1565264657773389,2.072368184730599,1.253912073130152,-0.8871760477565424,4,1363187
0.9723493356525006,0.5507646097212251,-0.3394480276177645,0.25859075767288664,0.132148817287968,1.127171999885212,1,1363269
-0.08121181170093428,1.4407200466533845,-1.4614288976640921,-0.6482979558559694,2.375675328972336,1.127171999885212,3,1363452
0.2351133777443894,-0.18213986775231777,1.5305200891261146,-0.6482979558559694,-0.9896144385542159,-0.8871760477565424,0,1362657
-0.30791153080341627,0.1843123709844537,0.782532842428563,0.25859075767288664,0.132148817287968,-0.8871760477565424,3,1363044
1.6231140629985636,0.3937136502626088,-1.4614288976640921,1.1654794712017427,0.132148817287968,-0.8871760477565424,4,1363126
-0.27082668309494023,-1.0197449848649383,-0.7134416509665403,0.25859075767288664,0.132148817287968,-0.8871760477565424,0,1363309
-0.3147156766162715,0.3937136502626088,-1.4614288976640921,1.1654794712017427,0.132148817287968,-0.8871760477565424,4,1363391
-0.7606350604839244,2.1212742043073884,-0.3394480276177645,-0.6482979558559694,-0.9896144385542159,-0.8871760477565424,3,1362697
-1.0241492638851,-1.4385475434212485,1.1565264657773389,-0.6482979558559694,-0.9896144385542159,1.127171999885212,2,1362983
0.15364387026331458,1.1789684475556905,0.4085392190797872,-0.6482979558559694,0.132148817287968,-0.8871760477565424,3,1363166
-0.701785958287971,1.1789684475556905,0.4085392190797872,-0.6482979558559694,0.132148817287968,1.127171999885212,3,1363248
-0.4842335345497911,-0.4962417866695505,-0.3394480276177645,-0.6482979558559694,-0.9896144385542159,-0.8871760477565424,0,1362758
-0.5622784388402897,1.3883697268338457,1.9045137124748905,-0.6482979558559694,-0.9896144385542159,1.127171999885212,3,1362636
0.389806308708178,-0.07743922811324022,-1.0874352743153162,1.1654794712017427,0.132148817287968,-0.8871760477565424,4,1363023
-0.7222434562948338,-1.0197449848649383,-0.7134416509665403,-0.6482979558559694,-0.9896144385542159,1.127171999885212,2,1363370
5.386798030010054,0.603114929540764,0.034545595731011354,-0.6482979558559694,1.253912073130152,1.127171999885212,1,1363492
-0.8953661596921177,2.1212742043073884,-0.3394480276177645,-0.6482979558559694,2.375675328972336,1.127171999885212,3,1362962
-1.0241492638851,-1.5432481830603262,0.4085392190797872,-0.6482979558559694,-0.9896144385542159,1.127171999885212,2,1362880
-0.3500882227294594,-1.1244456245040158,-1.4614288976640921,-0.6482979558559694,-0.9896144385542159,1.127171999885212,2,1363227
-0.6809229151664347,0.027261411525837338,-0.3394480276177645,1.1654794712017427,0.132148817287968,1.127171999885212,4,1363349
0.8262179126651523,0.6554652493603027,0.4085392190797872,0.25859075767288664,0.132148817287968,-0.8871760477565424,3,1363288
0.945448176379159,-0.600942426308628,-1.0874352743153162,1.1654794712017427,1.253912073130152,-0.8871760477565424,4,1362737
0.5435529677377285,0.49841428990168635,-0.7134416509665403,1.1654794712017427,0.132148817287968,-0.8871760477565424,4,1363084
0.8697914822084042,-0.5485921064890893,-0.7134416509665403,-0.6482979558559694,-0.9896144385542159,-0.8871760477565424,0,1363206
-0.6983613550973948,1.0219174880970743,-0.7134416509665403,-0.6482979558559694,0.132148817287968,1.127171999885212,3,1362676
0.32834369355099546,-0.6532927461281668,-1.4614288976640921,1.1654794712017427,0.132148817287968,1.127171999885212,4,1363471
-0.7362122324669207,-0.07743922811324022,-1.0874352743153162,-0.6482979558559694,0.132148817287968,1.127171999885212,2,1363145
2.094267365112567,0.5507646097212251,-0.3394480276177645,1.1654794712017427,0.132148817287968,1.127171999885212,1,1362594
-0.1960712002901266,-0.33919082721093413,0.782532842428563,1.1654794712017427,0.132148817287968,-0.8871760477565424,4,1362941
0.9851915976171611,0.027261411525837338,-0.3394480276177645,2.9792568982594547,0.132148817287968,1.127171999885212,4,1362859
0.26088802281030465,-0.600942426308628,-1.0874352743153162,1.1654794712017427,1.253912073130152,1.127171999885212,4,1363410
-0.19206080971168873,-0.600942426308628,-1.0874352743153162,1.1654794712017427,1.253912073130152,1.127171999885212,4,1363328
0.8140966197932447,1.2313187673752293,0.782532842428563,-0.6482979558559694,0.132148817287968,-0.8871760477565424,3,1363002
-0.763654118559827,1.9642232448487722,-1.4614288976640921,-0.6482979558559694,-0.9896144385542159,-0.8871760477565424,3,1362920
2.769229617634149,-0.2868405073913953,1.1565264657773389,-0.6482979558559694,-0.9896144385542159,1.127171999885212,1,1363267
0.6323222872829262,0.6554652493603027,0.4085392190797872,0.25859075767288664,0.132148817287968,1.127171999885212,1,1362716
-0.9424093929942429,-1.2814965839626322,-0.3394480276177645,-0.6482979558559694,-0.9896144385542159,-0.8871760477565424,0,1363389
-0.6928189051968571,-1.2291462641430935,0.034545595731011354,-0.6482979558559694,-0.9896144385542159,1.127171999885212,2,1363185
-0.3287745739249525,1.0219174880970743,-0.7134416509665403,-0.6482979558559694,-0.9896144385542159,-0.8871760477565424,3,1362512
-0.04426214569734946,-0.6532927461281668,-1.4614288976640921,2.072368184730599,2.375675328972336,-0.8871760477565424,4,1362777
-0.2907434542822384,-0.129789547932779,-1.4614288976640921,2.072368184730599,2.375675328972336,-0.8871760477565424,4,1362981
0.8142318014981358,-0.33919082721093413,0.782532842428563,1.1654794712017427,0.132148817287968,1.127171999885212,1,1362573
-0.8051999625297114,-0.7056430659477055,1.5305200891261146,0.25859075767288664,2.375675328972336,-0.8871760477565424,4,1363450
-1.0241492638851,-1.4908978632407872,0.782532842428563,-0.6482979558559694,-0.9896144385542159,1.127171999885212,2,1363042
-0.05714946823030709,0.5507646097212251,-0.7134416509665403,-0.6482979558559694,0.132148817287968,-0.8871760477565424,3,1362838
0.9456734792206443,-0.4962417866695505,-0.3394480276177645,1.1654794712017427,0.132148817287968,-0.8871760477565424,4,1362899
-0.9032066985758053,-0.8626940254063219,-0.7134416509665403,-0.6482979558559694,-0.9896144385542159,-0.8871760477565424,0,1363307
0.07082254573332812,0.23666269080399246,1.1565264657773389,-0.6482979558559694,-0.9896144385542159,1.127171999885212,2,1363164
0.9723493356525006,-0.4962417866695505,-0.3394480276177645,2.072368184730599,0.132148817287968,1.127171999885212,4,1363103
-1.0241492638851,-1.4385475434212485,1.1565264657773389,-0.6482979558559694,-0.9896144385542159,-0.8871760477565424,0,1363490
1.5732320138937241,0.8648665286384578,1.9045137124748905,0.25859075767288664,0.132148817287968,1.127171999885212,1,1362960
-0.7084999829642321,1.807172285390156,1.1565264657773389,-0.6482979558559694,1.253912073130152,-0.8871760477565424,3,1362613
-0.4357483630621603,-0.8103437055867831,0.782532842428563,1.1654794712017427,0.132148817287968,-0.8871760477565424,4,1363429
0.6189392984987009,-0.5485921064890893,-0.7134416509665403,-0.6482979558559694,-0.9896144385542159,1.127171999885212,2,1363082
-0.6634394146671775,-0.4962417866695505,-0.3394480276177645,1.1654794712017427,1.253912073130152,-0.8871760477565424,4,1362552
-0.5803927872957058,-0.02508890829370144,-0.7134416509665403,1.1654794712017427,0.132148817287968,-0.8871760477565424,4,1362878
-0.6519940303197256,-0.7056430659477055,1.5305200891261146,1.1654794712017427,2.375675328972336,1.127171999885212,4,1362817
-1.0241492638851,-1.4385475434212485,-1.4614288976640921,-0.6482979558559694,-0.9896144385542159,1.127171999885212,2,1363347
-0.6446040971190086,-0.23449018757185658,0.034545595731011354,-0.6482979558559694,0.132148817287968,-0.8871760477565424,0,1363286
1.1057286178117824,0.603114929540764,0.034545595731011354,0.25859075767288664,2.375675328972336,1.127171999885212,1,1362939
-1.0241492638851,-1.3861972236017097,-1.0874352743153162,-0.6482979558559694,-0.9896144385542159,1.127171999885212,2,1362674
-0.25875045079132963,-0.129789547932779,-1.4614288976640921,-0.6482979558559694,-0.9896144385542159,-0.8871760477565424,0,1362735
0.6252027174919915,1.1789684475556905,0.4085392190797872,-0.6482979558559694,0.132148817287968,1.127171999885212,3,1363408
0.025491614026491145,0.4460639700821476,-1.0874352743153162,0.25859075767288664,0.132148817287968,-0.8871760477565424,3,1363204
0.9919506828617194,-0.600942426308628,-1.0874352743153162,1.1654794712017427,0.132148817287968,-0.8871760477565424,4,1362531
-1.0241492638851,-1.333846903782171,-0.7134416509665403,-0.6482979558559694,-0.9896144385542159,-0.8871760477565424,0,1363469
-0.18318387775716896,-0.18213986775231777,1.9045137124748905,2.072368184730599,0.132148817287968,1.127171999885212,4,1362796
1.9058691290625818,0.027261411525837338,-0.3394480276177645,-0.6482979558559694,0.132148817287968,-0.8871760477565424,1,1362592
0.0952904343186288,0.9695671682775354,-1.0874352743153162,-0.6482979558559694,0.132148817287968,1.127171999885212,3,1363265
2.3954972641783776,-0.129789547932779,-1.4614288976640921,-0.6482979558559694,1.253912073130152,1.127171999885212,1,1363326
-0.659699387498522,2.1736245241269274,0.034545595731011354,-0.6482979558559694,-0.9896144385542159,1.127171999885212,3,1362857
-0.25027906395148336,2.016573564668311,-1.0874352743153162,-0.6482979558559694,0.132148817287968,1.127171999885212,3,1362918
0.40161217760200635,0.23666269080399246,1.1565264657773389,1.1654794712017427,0.132148817287968,-0.8871760477565424,4,1362653
-0.8327770303275088,0.6554652493603027,0.4085392190797872,0.25859075767288664,0.132148817287968,-0.8871760477565424,3,1363387
-0.37266356744628376,0.34136333044307005,1.9045137124748905,-0.6482979558559694,0.132148817287968,-0.8871760477565424,3,1362714
1.0878395721978518,0.8648665286384578,1.9045137124748905,-0.6482979558559694,0.132148817287968,1.127171999885212,1,1363183
-0.5374951262769097,2.4353761232246214,1.9045137124748905,-0.6482979558559694,0.132148817287968,-0.8871760477565424,3,1362510
-0.4801780834030562,1.3883697268338457,1.9045137124748905,-0.6482979558559694,0.132148817287968,-0.8871760477565424,3,1362775
-0.45350222697119985,0.6554652493603027,0.4085392190797872,0.25859075767288664,2.375675328972336,-0.8871760477565424,4,1362979
-0.11311469405524897,-0.4438914668500117,0.034545595731011354,1.1654794712017427,0.132148817287968,-0.8871760477565424,4,1363244
0.20325555595837175,0.7601658889993803,1.1565264657773389,-0.6482979558559694,-0.9896144385542159,1.127171999885212,3,1363448
0.7243359677455118,-0.07743922811324022,-1.0874352743153162,1.1654794712017427,0.132148817287968,1.127171999885212,4,1363040
-0.7489193127266901,-1.2291462641430935,0.034545595731011354,-0.6482979558559694,-0.9896144385542159,1.127171999885212,2,1362571
1.2227058531109363,0.6554652493603027,0.4085392190797872,-0.6482979558559694,0.132148817287968,1.127171999885212,1,1362632
-0.7573906995665364,1.2313187673752293,0.782532842428563,-0.6482979558559694,1.253912073130152,-0.8871760477565424,3,1362836
-1.0241492638851,-1.333846903782171,-0.7134416509665403,-0.6482979558559694,-0.9896144385542159,1.127171999885212,2,1362897
0.04518308237230403,-1.072095304684477,-1.0874352743153162,-0.6482979558559694,0.132148817287968,1.127171999885212,2,1363305
1.7801501435137992,-0.6532927461281668,-1.4614288976640921,2.072368184730599,0.132148817287968,-0.8871760477565424,4,1363366
1.3596899807339824,-0.129789547932779,-1.4614288976640921,-0.6482979558559694,1.253912073130152,-0.8871760477565424,4,1363101
1.4941957771006904,-0.3915411470304729,0.4085392190797872,1.1654794712017427,1.253912073130152,-0.8871760477565424,4,1362489
-0.9060905749468168,-1.072095304684477,-1.0874352743153162,-0.6482979558559694,-0.9896144385542159,1.127171999885212,2,1362693
-0.4763028745295095,-0.3915411470304729,0.4085392190797872,2.072368184730599,2.375675328972336,-0.8871760477565424,4,1362754
2.732370072767158,0.1843123709844537,0.782532842428563,-0.6482979558559694,-0.9896144385542159,-0.8871760477565424,1,1363427
0.07388666437752785,-0.4962417866695505,-0.3394480276177645,2.072368184730599,0.132148817287968,-0.8871760477565424,4,1363223
-1.0241492638851,-1.4385475434212485,-1.4614288976640921,-0.6482979558559694,-0.9896144385542159,1.127171999885212,2,1362550
0.06248634059837302,0.28901301062353124,1.5305200891261146,0.25859075767288664,0.132148817287968,-0.8871760477565424,3,1362611
0.4439691118012377,-0.4962417866695505,-0.3394480276177645,1.1654794712017427,0.132148817287968,-0.8871760477565424,4,1363019
-1.0241492638851,-1.5432481830603262,0.4085392190797872,-0.6482979558559694,-0.9896144385542159,-0.8871760477565424,0,1363080
-1.0241492638851,-1.333846903782171,-0.7134416509665403,-0.6482979558559694,-0.9896144385542159,1.127171999885212,2,1362815
1.4412496093516514,0.6554652493603027,0.4085392190797872,0.25859075767288664,0.132148817287968,-0.8871760477565424,1,1363345
0.6256983837432591,-0.23449018757185658,0.4085392190797872,0.25859075767288664,2.375675328972336,1.127171999885212,4,1363284
1.0694097997643564,0.49841428990168635,-0.7134416509665403,0.25859075767288664,0.132148817287968,1.127171999885212,1,1362937
-0.34197732043598955,1.074267807916613,-0.3394480276177645,-0.6482979558559694,0.132148817287968,1.127171999885212,3,1362876
-0.9130299024645632,1.0219174880970743,-0.7134416509665403,-0.6482979558559694,-0.9896144385542159,1.127171999885212,2,1362590
-0.2888058498454651,0.3937136502626088,-1.4614288976640921,0.25859075767288664,0.132148817287968,-0.8871760477565424,4,1362672
0.0908294380572204,-0.6532927461281668,-1.4614288976640921,-0.6482979558559694,-0.9896144385542159,-0.8871760477565424,0,1363059
-0.1716033117048259,0.4460639700821476,-1.0874352743153162,-0.6482979558559694,-0.9896144385542159,-0.8871760477565424,0,1363141
-0.9198791088457154,2.3830258034050824,1.5305200891261146,-0.6482979558559694,0.132148817287968,-0.8871760477565424,3,1363385
0.9508103840065084,0.027261411525837338,-0.3394480276177645,-0.6482979558559694,-0.9896144385542159,-0.8871760477565424,0,1362529
-0.5824655734373703,1.2313187673752293,0.782532842428563,-0.6482979558559694,1.253912073130152,-0.8871760477565424,3,1362508
-1.0241492638851,-1.333846903782171,-0.7134416509665403,-0.6482979558559694,-0.9896144385542159,-0.8871760477565424,0,1362998
-0.8244858857608508,1.0219174880970743,-0.7134416509665403,-0.6482979558559694,1.253912073130152,1.127171999885212,3,1363242
0.30608377281225047,0.28901301062353124,0.034545595731011354,-0.6482979558559694,-0.9896144385542159,-0.8871760477565424,0,1363467
0.6252928386285856,-0.129789547932779,-1.4614288976640921,0.25859075767288664,2.375675328972336,-0.8871760477565424,4,1363038
-0.4262405831514818,0.3937136502626088,-1.4614288976640921,0.25859075767288664,0.132148817287968,1.127171999885212,2,1363263
-0.30930840842062496,1.2313187673752293,0.782532842428563,-0.6482979558559694,-0.9896144385542159,-0.8871760477565424,3,1362630
-0.9210056230531418,-0.4438914668500117,0.034545595731011354,-0.6482979558559694,0.132148817287968,-0.8871760477565424,0,1362855
-1.0241492638851,-1.4385475434212485,-1.4614288976640921,-0.6482979558559694,-0.9896144385542159,-0.8871760477565424,0,1363099
-0.35747815593017634,-0.33919082721093413,0.782532842428563,0.25859075767288664,2.375675328972336,-0.8871760477565424,4,1363324
0.1648639517692812,0.7078155691798415,0.782532842428563,0.25859075767288664,0.132148817287968,1.127171999885212,3,1362895
1.73806357272435,0.3937136502626088,-1.4614288976640921,1.1654794712017427,0.132148817287968,1.127171999885212,1,1362569
-0.3437346825995747,-0.2868405073913953,1.1565264657773389,-0.6482979558559694,0.132148817287968,-0.8871760477565424,0,1363364
-0.21869160557524803,-1.2814965839626322,-0.3394480276177645,-0.6482979558559694,-0.9896144385542159,-0.8871760477565424,0,1363303
